Ac,Br,Cars,Ha,Highest PI,La,Of,PI,Sp,Value,Vehicle,_table_index,‚ñºCar Lists,üåç,üìÖ,üîì,ü¶Ñ
,,902 of 908[2],,S2 998,,,,,,,0,,,,,
3.8,3.3,,4.7,,4.6,5.5,C562,5.2,250000,Abarth 124 Spider 2017,1,,,,,
1.7,2.0,,3.7,,2.6,5.1,D100,2.6,35000,Abarth 595 esseesse 1968,1,,,,,
4.7,4.8,,5.3,,4.4,5.0,B657,4.9,250000,Abarth 695 Biposto 2016,1,,,,,
4.1,3.2,,4.1,,3.9,5.8,C510,4.3,250000,Abarth Fiat 131 1980,1,,,,,
3.9,3.4,,5.1,,3.1,5.1,C596,5.6,25000,Acura Integra Type-R 2001,1,,,,,
9.2,7.1,,7.0,,10,4.7,S1831,7.0,170000,Acura NSX 2017,1,,,,,
3.9,3.5,,5.1,,3.0,5.3,C585,5.6,25000,Acura RSX Type-S 2002,1,,,,,
4.0,2.9,,4.4,,4.3,5.7,C561,5.4,250000,Alfa Romeo 155 Q4 1992,1,,,,,
5.7,3.6,,4.4,,5.7,5.0,A707,6.2,15000000,Alfa Romeo 33 Stradale 1968,1,,,,,
4.8,5.2,,5.7,,7.0,5.0,A755,5.9,250000,Alfa Romeo 4C 2014,1,,,,,
5.4,4.9,,5.3,,5.5,5.2,A755,7.0,300000,Alfa Romeo 8C Competizione 2007,1,,,,,
5.9,6.7,,6.4,,4.9,5.0,A775,7.3,120000,Alfa Romeo Giulia Quadrifoglio 2017,1,,,,,
3.7,2.8,,3.7,,3.2,5.3,D486,4.0,300000,Alfa Romeo Giulia Sprint GTA Stradale 1965,1,,,,,
4.1,3.4,,3.9,,3.4,5.3,B641,5.5,4000000,Alfa Romeo Giulia TZ2 1965,1,,,,,
5.4,4.2,,6.4,,5.7,4.2,B694,6.0,67500,Alpine A110 2017,1,,,,,
4.1,3.0,,4.4,,3.1,5.3,C550,5.0,98000,Alpine A110 1600s 1973,1,,,,,
6.4,5.3,,2.9,,5.3,9.1,B689,4.9,300000,122,1,,,,,
3.6,5.0,,3.0,,2.6,9.3,C596,4.4,500000,6165,1,,,,,
5.0,4.8,,3.8,,4.1,10,B642,4.4,300000,10,1,,,,,
3.4,2.3,,3.7,,3.4,5.4,D403,4.0,35000,AMC Gremlin X 1973,1,,,,,
3.4,2.2,,3.5,,2.8,5.2,D493,4.5,250000,AMC Javelin AMX 1971,1,,,,,
3.6,2.5,,3.8,,2.9,5.8,C531,5.1,250000,AMC Rebel 1970,1,,,,,
8.6,6.7,,4.1,,10,10,A719,4.2,850000,AMG Transport Dynamics M12S Warthog CST 2554,1,,,,,
7.7,10,,10,,8.4,3.9,S2963,7.4,1500000,Apollo Intensa Emozione 2018,1,,,,,
7.9,10,,10,,8.6,3.8,S2998,7.6,1500000,Apollo Intensa Emozione 2018,1,,,,,
7.8,7.2,,8.8,,8.5,3.9,S2924,6.3,200000,Ariel Atom 500 V8 2013,1,,,,,
6.5,4.2,,4.7,,7.2,8.1,A711,5.2,93000,Ariel Nomad 2016,1,,,,,
5.9,5.9,,7.3,,5.2,4.9,S1829,7.9,250000,Ascari KZ1R 2012,1,,,,,
4.0,2.7,,4.0,,3.4,5.4,C548,5.4,800000,Aston Martin DB5 1964,1,,,,,
5.7,6.1,,6.5,,6.1,4.7,A787,7.3,300000,Aston Martin DB11 2017,1,,,,,
3.5,3.3,,4.2,,2.4,5.0,B678,6.5,22500000,Aston Martin DBR1 1958,1,,,,,
5.1,6.2,,5.4,,4.8,5.2,A746,7.3,325000,Aston Martin DBS 2008,1,,,,,
5.8,6.9,,6.6,,6.2,4.5,S1835,7.8,350000,Aston Martin DBS Superleggera 2019,1,,,,,
5.9,5.2,,5.3,,6.1,6.3,A732,6.5,200000,Aston Martin DBX 2021,1,,,,,
2.3,2.9,,4.3,,1.3,6.0,C502,5.4,250000,Aston Martin Lagonda 1990,1,,,,,
6.2,6.9,,6.8,,6.7,4.5,S1843,8.0,1400000,Aston Martin One-77 2010,1,,,,,
5.4,6.4,,6.2,,5.7,4.4,A796,7.8,240000,Aston Martin V12 Vantage S 2013,1,,,,,
10,9.4,,9.2,,10,4.6,S2959,8.5,1150000,Aston Martin Valhalla Concept Car 2019,1,,,,,
7.4,10,,8.8,,8.0,4.7,S2978,9.2,3250000,Aston Martin Valkyrie 2023,1,,,,,
7.7,10,,9.4,,8.3,4.9,S2998,7.3,4210000,Aston Martin Valkyrie AMR Pro 2022,1,,,,,
5.9,6.9,,6.1,,6.1,5.3,S1803,7.4,660000,Aston Martin Vanquish Zagato Coup√© 2017,1,,,,,
6.0,6.1,,6.7,,6.4,4.6,S1801,7.0,430000,Aston Martin Vantage 2019,1,,,,,
5.9,8.1,,8.0,,6.1,4.4,S1829,6.7,400000,Aston Martin Vantage GT12 2016,1,,,,,
6.5,10,,9.6,,7.0,3.2,S2953,7.7,2000000,Aston Martin Vulcan AMR Pro 2017,1,,,,,
7.0,7.4,,6.8,,7.6,4.7,S1877,8.0,850000,ATS GT 2018,1,,,,,
8.9,5.5,,6.4,,2.4,7.8,S1827,6.3,375000,Audi #2 Audi Sport quattro S1 1986Grit Reapers: Win,1,,,,,
7.1,6.9,,7.0,,6.6,5.0,S1802,7.3,290000,Audi R8 Coup√© V10 plus 5.2 FSI quattro 2013,1,,,,,
7.8,7.3,,7.1,,7.4,5.1,S1834,7.8,242000,Audi R8 V10 plus 2016,1,,,,,
5.0,3.2,,5.1,,5.3,5.2,B601,6.0,50000,Audi Avant RS2 1995,1,,,,,
6.4,4.6,,6.2,,7.9,5.5,A734,6.7,60000,Audi RS 3 Sedan 2020,1,,,,,
5.2,4.1,,6.1,,6.5,5.5,B682,6.0,42000,Audi RS 3 Sportback 2011,1,,,,,
6.0,4.4,,5.5,,5.5,5.7,A710,6.9,53000,Audi RS 4 2006,1,,,,,
5.5,3.6,,5.8,,4.7,5.2,B663,6.4,94000,Audi RS 4 Avant 2001,1,,,,,
5.5,5.2,,6.2,,5.2,5.2,A728,7.0,83000,Audi RS 4 Avant 2013,1,,,,,
7.1,4.9,,6.2,,9.4,5.1,A751,7.2,250000,Audi RS 4 Avant 2018,1,,,,,
5.8,5.9,,6.2,,5.7,5.5,A733,6.8,88000,Audi RS 5 Coup√© 2011,1,,,,,
7.2,4.8,,6.0,,9.8,5.2,A750,7.1,95000,Audi RS 5 Coup√© 2018,1,,,,,
5.1,4.1,,5.2,,5.0,5.8,B677,6.8,105000,Audi RS 6 2003,1,,,,,
6.1,5.8,,6.0,,6.7,5.5,A722,7.5,155000,Audi RS 6 2009,1,,,,,
7.5,5.3,,6.0,,8.3,5.2,A754,7.4,150000,Audi RS 6 Avant 2015,1,,,,,
7.3,4.9,,5.7,,8.9,5.6,A763,7.2,250000,Audi RS 6 Avant 2021,1,,,,,
7.0,5.6,,5.3,,8.2,5.7,A739,7.6,225000,Audi RS 7 Sportback 2013,1,,,,,
7.3,4.9,,6.3,,8.9,5.3,A768,7.4,250000,Audi RS 7 Sportback 2021,1,,,,,
8.4,4.2,,5.6,,9.4,5.0,A770,6.0,250000,Audi RS e-tron GT 2021,1,,,,,
5.2,3.7,,5.9,,4.4,5.6,B644,5.6,35000,Audi S1 2015,1,,,,,
5.5,4.0,,5.0,,2.9,5.7,B638,5.7,175000,Audi Sport quattro 1983,1,,,,,
6.7,4.7,,6.3,,8.1,5.2,A748,6.8,75000,Audi TT RS 2018,1,,,,,
5.8,4.4,,6.1,,7.0,5.4,A707,6.6,66000,Audi TT RS Coup√© 2010,1,,,,,
7.7,4.7,,5.6,,8.6,5.6,A765,7.0,250000,Audi TT RS Coupe 2020,1,,,,,
5.8,4.0,,6.3,,6.4,5.2,A724,6.7,52000,Audi TTS Coup√© 2015,1,,,,,
1.9,1.8,,3.7,,2.5,4.9,D131,3.1,20000,Austin-Healey Sprite MkI 1958,1,,,,,
4.5,2.7,,4.2,,3.4,4.2,B675,8.4,15000000,Auto Union Type D 1939,1,,,,,
9.9,8.0,,6.7,,10,4.5,S2928,7.8,2500000,Automobili Pininfarina Battista 2020,1,,,,,
3.0,3.0,,4.2,,4.4,5.2,D450,4.2,25000,Autozam AZ-1 1993,1,,,,,
6.3,8.1,,8.1,,6.7,3.9,S1868,6.1,160000,BAC Mono 2014,1,,,,,
2.4,1.8,,3.5,,1.8,5.7,D181,3.7,1500000,Bentley 8 Litre 1930,1,,,,,
6.2,4.0,,5.0,,7.4,6.5,A727,7.0,180000,Bentley Bentayga 2016,1,,,,,
2.1,1.9,,3.3,,2.3,5.8,D207,3.7,4000000,Bentley Blower 4-1/2 Litre Supercharged 1931,1,,,,,
6.2,4.3,,5.3,,9.6,5.5,A759,7.7,300000,Bentley Continental GT Convertible 2021,1,,,,,
8.0,5.8,,6.1,,9.1,4.9,A769,7.6,200000,Bentley Continental Supersports 2017,1,,,,,
5.3,4.1,,5.3,,9.3,6.1,A719,7.6,350000,Bentley Flying Spur 2021,1,,,,,
3.1,3.1,,4.6,,1.4,5.8,C543,5.4,250000,Bentley Turbo R 1991,1,,,,,
6.3,8.7,,8.4,,2.9,4.5,S2910,7.3,313000,BMW #1 M Motorsport M8 GTE 2018,1,,,,,
5.2,4.5,,5.9,,5.4,4.8,A712,6.4,55000,BMW 1 Series M Coupe 2011,1,,,,,
3.8,2.8,,4.3,,1.5,5.6,C531,4.9,26000,BMW 2002 Turbo 1973,1,,,,,
4.6,3.2,,4.6,,4.1,5.3,B610,6.7,250000,BMW 850CSi 1995,1,,,,,
4.1,3.6,,4.7,,4.2,5.4,B633,4.1,250000,BMW i4 eDrive40 2022,1,,,,,
7.7,4.6,,6.4,,8.7,4.9,A764,7.2,140000,BMW i8 2015,1,,,,,
1.2,2.4,,3.4,,2.7,4.7,D100,1.8,45000,BMW Isetta 300 Export 1957,1,,,,,
5.2,3.5,,4.1,,5.4,6.1,A703,4.3,250000,BMW iX xDrive50 2022,1,,,,,
4.4,3.2,,5.0,,3.1,4.7,B629,5.9,585000,BMW M1 1981,1,,,,,
5.6,5.2,,5.9,,5.6,5.0,A762,6.8,250000,BMW M2 2023,1,,,,,
5.2,4.6,,5.7,,5.5,4.8,A718,6.5,69000,BMW M2 Coup√© 2016,1,,,,,
4.3,3.1,,4.7,,3.4,4.9,C583,5.6,70000,BMW M3 1991,1,,,,,
4.9,3.6,,4.9,,5.2,5.2,B665,6.5,35000,BMW M3 1997,1,,,,,
5.0,3.8,,5.3,,5.0,5.0,B675,6.4,33000,BMW M3 2005,1,,,,,
5.0,4.5,,5.8,,5.3,4.5,A725,6.8,48000,BMW M3 2008,1,,,,,
5.2,5.0,,5.3,,5.5,5.3,A772,7.0,250000,BMW M3 Competition Sedan 2021,1,,,,,
5.4,4.9,,6.5,,5.7,4.7,A747,6.7,180000,BMW M3-GTR 2002,1,,,,,
5.5,5.7,,7.6,,5.9,4.3,A794,7.3,250000,BMW M3 GTS 2010,1,,,,,
5.2,5.2,,6.0,,5.5,5.0,A778,7.1,250000,BMW M4 Competition Coup√© 2021,1,,,,,
5.3,6.5,,5.6,,5.6,5.2,A782,7.1,92000,BMW M4 Coup√© 2014,1,,,,,
5.7,7.0,,7.6,,6.0,4.0,S1814,7.2,135000,BMW M4 GTS 2016,1,,,,,
4.3,3.1,,4.4,,3.9,5.1,C583,5.8,54000,BMW M5 1988,1,,,,,
4.6,3.6,,5.2,,4.2,4.8,B634,6.7,25000,BMW M5 1995,1,,,,,
5.0,3.8,,5.5,,5.2,5.1,B694,7.1,30000,BMW M5 2003,1,,,,,
5.1,4.4,,5.9,,4.9,4.9,A719,7.1,90000,BMW M5 2009,1,,,,,
5.3,4.8,,6.0,,5.6,4.6,A766,7.4,112000,BMW M5 2012,1,,,,,
8.7,6.2,,6.1,,9.7,5.1,A784,7.6,105000,BMW M5 2018,1,,,,,
9.5,6.7,,6.0,,10,5.6,S1827,7.6,250000,BMW M5 CS 2022,1,,,,,
5.0,5.9,,5.8,,5.2,4.6,A758,7.5,120000,BMW M6 Coupe 2013,1,,,,,
4.3,3.0,,4.0,,4.0,5.6,C589,5.8,250000,BMW M635CSi 1986,1,,,,,
8.6,6.3,,6.3,,9.7,5.3,A791,7.7,175000,BMW M8 Competition Coupe 2020,1,,,,,
5.9,3.7,,4.8,,6.6,6.4,B666,6.4,100000,BMW X5 M 2011,1,,,,,
10,9.4,,10,,10,4.4,S2998,8.0,500000,BMW X5 M Forza Edition 2011,1,,,,,
6.0,4.1,,4.9,,6.6,5.8,B687,6.5,130000,BMW X6 M 2015,1,,,,,
4.9,3.7,,5.3,,5.0,4.9,B675,6.1,30000,BMW Z3 M Coupe 2002,1,,,,,
5.6,4.4,,5.3,,6.0,5.1,A751,6.7,35000,BMW Z4 2019,1,,,,,
5.4,4.3,,5.4,,4.9,5.6,B694,6.4,82000,BMW Z4 M Coupe 2008,1,,,,,
8.2,10,,10,,8.9,4.3,S2974,7.3,1500000,Brabham BT62 2019HW Academy:,1,,,,,
9.9,8.6,,7.9,,6.1,5.0,S2927,10,2400000,Bugatti Chiron 2018,1,,,,,
10,9.5,,9.9,,6.2,4.4,S2958,9.6,3000000,Bugatti Divo 2019,1,,,,,
8.0,5.2,,6.5,,3.8,4.9,S1805,8.3,1700000,Bugatti EB110 Super Sport 1992,1,,,,,
2.5,1.9,,3.4,,1.4,4.9,D285,4.0,1300000,Bugatti Type 35 C 1926,1,,,,,
10,8.6,,7.9,,5.9,4.9,S2913,9.9,2200000,Bugatti Veyron Super Sport 2011,1,,,,,
3.3,2.5,,3.5,,3.2,5.1,C558,5.1,80000,Buick GSX 1970,1,,,,,
3.8,2.5,,4.0,,2.5,5.5,C564,5.7,130000,Buick Regal GNX 1987,1,,,,,
5.5,8.3,,8.1,,2.2,4.5,S1890,6.9,308000,Cadillac #3 Cadillac Racing ATS-V.R 2015,1,,,,,
5.2,4.2,,5.5,,3.4,5.1,A716,7.0,65000,Cadillac ATS-V 2016,1,,,,,
5.6,4.9,,5.8,,2.7,5.6,A760,7.0,250000,Cadillac CT4-V Blackwing 2022,1,,,,,
5.6,6.7,,5.6,,5.4,5.3,A799,7.4,250000,Cadillac CT5-V Blackwing 2022,1,,,,,
4.9,4.4,,5.3,,5.2,4.7,A761,7.2,80000,Cadillac CTS-V Sedan 2016,1,,,,,
5.2,4.3,,5.0,,4.5,5.4,A724,6.9,250000,Cadillac CTS-V Sport Wagon 2014,1,,,,,
2.7,3.0,,4.9,,1.8,5.5,D492,5.3,250000,Cadillac XTS Limousine 2013,1,,,,,
6.8,4.5,,3.6,,9.6,9.8,B607,3.9,25000,Can-Am Maverick X RS Turbo R 2018,1,,,,,
5.0,5.3,,3.1,,4.6,9.3,A745,5.2,500000,Casey Currie Motorsports #4402 Ultra 4 'Trophy Jeep' 2019,1,,,,,
5.7,4.6,,5.4,,6.2,3.9,A786,5.6,82000,Caterham Superlight R500 2013,1,,,,,
7.3,8.8,,8.2,,6.9,4.3,S2910,7.1,650000,Chevrolet #3 Corvette Racing C8.R 2020,1,,,,,
3.2,2.0,,3.5,,2.5,5.8,D360,4.5,35000,Chevrolet 150 Utility Sedan 1955,1,,,,,
4.9,3.2,,4.4,,5.2,4.7,B658,4.4,250000,Chevrolet Corvette EV 1956,1,,,,,
2.8,2.1,,3.8,,1.6,6.0,D432,4.8,130000,Chevrolet Bel Air 1957,1,,,,,
3.8,3.1,,4.2,,2.9,5.8,C585,5.0,110000,Chevrolet Camaro Super Sport Coupe 1969,1,,,,,
5.7,5.4,,6.7,,6.1,4.5,A800,6.5,1000000,Chevrolet Camaro Super Sport Coupe Forza Edition 1969,1,,,,,
5.5,7.2,,6.8,,5.4,4.4,A797,6.7,86000,Chevrolet Camaro Z/28 2015,1,,,,,
3.4,2.4,,3.7,,3.3,4.9,C539,5.1,53000,Chevrolet Camaro Z28 1970,1,,,,,
3.5,2.5,,4.1,,2.9,5.4,D466,4.5,35000,Chevrolet Camaro Z28 1979,1,,,,,
6.1,5.6,,6.5,,4.9,5.3,S1821,7.3,60000,Chevrolet Camaro ZL1 2017,1,,,,,
5.8,6.0,,7.0,,5.2,5.0,S1824,6.9,105000,Chevrolet Camaro ZL1 1LE 2018,1,,,,,
3.3,2.4,,3.6,,3.2,5.4,C531,4.7,80000,Chevrolet Chevelle Super Sport 454 1970,1,,,,,
3.9,3.0,,2.8,,3.4,8.4,C530,5.4,46000,Chevrolet Colorado ZR2 2017,1,,,,,
2.3,2.0,,4.0,,1.1,5.6,D366,3.6,210000,Chevrolet Corvette 1953,1,,,,,
3.6,2.5,,4.0,,2.8,5.6,C541,5.4,210000,Chevrolet Corvette 1960,1,,,,,
9.5,7.4,,7.0,,9.6,5.5,S1834,7.2,181000,Chevrolet Corvette E-Ray 2024,1,,,,,
5.8,4.8,,6.1,,6.2,3.7,A800,6.5,500000,Chevrolet Corvette Forza Edition 1953,1,,,,,
3.9,3.1,,4.3,,3.0,5.8,B623,5.5,150000,Chevrolet Corvette Stingray 427 1967,1,,,,,
6.9,5.2,,7.0,,7.6,4.8,S1806,7.2,65000,Chevrolet Corvette Stingray Coup√© 2020,1,,,,,
4.6,3.9,,5.2,,4.5,5.0,A722,7.2,35000,Chevrolet Corvette Z06 2002,1,,,,,
6.0,7.7,,7.0,,6.5,4.4,S1852,7.8,110000,Chevrolet Corvette Z06 2015,1,,,,,
7.5,8.0,,7.0,,8.2,5.0,S1855,7.2,250000,Chevrolet Corvette Z06 2023,1,,,,,
5.5,6.6,,6.2,,4.6,4.4,S1809,7.8,125000,Chevrolet Corvette ZR1 2009,1,,,,,
6.5,7.9,,7.7,,7.0,4.0,S1871,7.8,255000,Chevrolet Corvette ZR1 2019,1,,,,,
3.9,3.1,,4.3,,2.9,5.4,B610,4.9,310000,Chevrolet Corvette ZR-1 1970,1,,,,,
4.8,3.7,,5.2,,4.0,4.5,B693,6.5,45000,Chevrolet Corvette ZR-1 1995,1,,,,,
3.2,2.4,,3.6,,3.1,5.5,C544,5.9,65000,Chevrolet El Camino Super Sport 454 1970,1,,,,,
10,6.2,,5.3,,10,4.5,S1867,7,205000,Chevrolet Hot Wheels COPO Camaro 2018HW Academy:,1,,,,,
3.6,2.7,,4.0,,2.6,5.5,C509,5.0,20000,Chevrolet Impala Super Sport 1996,1,,,,,
3.4,2.3,,3.6,,3.0,5.4,C544,5.5,46000,Chevrolet Impala Super Sport 409 1964,1,,,,,
3.0,2.7,,3.0,,2.6,8.3,D369,3.6,250000,Chevrolet K-10 Custom 1972,1,,,,,
3.1,2.0,,3.8,,2.3,5.2,D396,5.0,25000,Chevrolet Monte Carlo Super Sport 1988,1,,,,,
3.5,2.4,,3.6,,2.9,5.5,C545,5.4,47000,Chevrolet Nova Super Sport 396 1969,1,,,,,
3.6,2.3,,3.4,,3.1,5.3,C554,5.4,250000,Chevrolet Nova Super Sport 1966,1,,,,,
4.9,3.1,,2.8,,4.2,8.6,C561,5.4,75000,Chevrolet Silverado LT Trail Boss 2020,1,,,,,
10,8.4,,4.6,,10,4.1,S2919,7.6,300000,Chevrolet Summit Racing Pro Stock Camaro 2013,1,,,,,
4.1,3.1,,4.4,,2.4,6.2,C567,5.1,250000,Citro√´n BX 4TC 1986,1,,,,,
7.8,4.4,,5.5,,8.6,6.1,A740,6.3,70000,CUPRA Formentor VZ5 2021,1,,,,,
3.6,4.0,,4.6,,4.1,6.4,B677,3.8,50000,CUPRA Tavascan Concept 2022,1,,,,,
5.8,7.6,,7.9,,6.3,4.8,S1854,5.8,2000000,CUPRA UrbanRebel Concept 2022,1,,,,,
8.8,10,,9.5,,3.5,5.5,S2998,8.3,2000000,Czinger 21C 2024,1,,,,,
2.8,1.9,,3.4,,2.3,5.3,D264,3.7,25000,Datsun 510 1970,1,,,,,
4.7,5.6,,5.7,,5.0,4.3,S1802,6.3,250000,DeBerti Chevrolet C10 'Slayer' 1965,1,,,,,
4.9,5.2,,4.8,,5.1,4.0,A798,6.7,300000,DeBerti Chevrolet Silverado 1500 Drift Truck 2018,1,,,,,
5.4,4.9,,3.6,,5.8,9.9,B691,5.7,250000,DeBerti F-150 Prerunner 2018,1,,,,,
6.6,5.4,,4.8,,7.3,4.6,A799,5.9,200000,DeBerti Ford Econoline 'Shop Rod' 1961,1,,,,,
6.2,5.3,,5.7,,6.7,5.0,S1824,7.8,500000,DeBerti Ford Mustang GT 2018,1,,,,,
4.9,3.8,,3.7,,3.8,10,B665,5.6,250000,DeBerti Ford Super Duty F-250 Lariat 'Transformer' 2019,1,,,,,
4.9,6.9,,5.6,,5.1,4.7,S1836,6.4,500000,DeBerti Toyota Tacoma TRD 2019,1,,,,,
6.3,4.4,,4.0,,4.8,9.3,A749,4.7,200000,DeBerti Wrangler Unlimited 2013,1,,,,,
2.8,3.1,,4.9,,2.3,6.0,D464,4.3,15000,DeLorean DMC-12 1982,1,,,,,
3.4,2.5,,3.8,,3.3,5.0,C551,5.5,210000,Dodge Challenger R/T 1970,1,,,,,
4.8,5.3,,5.5,,5.0,4.6,A786,7.8,150000,Dodge Challenger SRT Demon 2018,1,,,,,
4.5,4.9,,5.4,,4.6,4.2,A755,7.7,75000,Dodge Challenger SRT Hellcat 2015,1,,,,,
5.2,4.7,,5.2,,5.5,4.7,S1802,7.6,250000,Dodge Challenger SRT Super Stock 2022,1,,,,,
3.8,2.8,,3.5,,3.7,5.6,C595,5.0,900000,Dodge Charger Daytona HEMI 1969,1,,,,,
3.6,2.4,,3.8,,3.5,5.1,C548,5.1,103000,Dodge Charger R/T 1969,1,,,,,
7.1,7.3,,7.9,,7.3,3.9,S1900,6.6,70000,Dodge Charger R/T Forza Edition 1969,1,,,,,
4.7,5.0,,5.3,,4.9,4.7,A762,7.8,80000,Dodge Charger SRT Hellcat 2015,1,,,,,
3.5,2.4,,3.3,,3.4,5.1,C566,5.8,250000,Dodge Coronet Super Bee 1970,1,,,,,
4.1,2.9,,3.6,,4.2,4.9,B650,4.5,300000,Dodge Dart HEMI Super Stock 1968,1,,,,,
5.8,3.7,,3.8,,5.6,6.7,B666,6.3,70000,Dodge Durango SRT 2018,1,,,,,
8.4,4.3,,4.4,,7.6,6.3,A744,7.0,250000,Dodge Durango SRT Hellcat 2021,1,,,,,
4.4,4.7,,5.3,,3.4,4.9,B669,6.4,35000,Dodge Magnum SRT-8 2008,1,,,,,
5.5,5.8,,6.1,,4.6,4.7,S1813,7.6,95000,Dodge SRT Viper GTS 2013,1,,,,,
6.5,8.1,,9.3,,6.1,4.4,S1900,7.9,250000,Dodge SRT Viper GTS Anniversary Edition 2013Horizon Story: Complete,1,,,,,
6.2,9.4,,8.6,,5.3,4.4,S1873,6.7,150000,2016,1,,,,,
5.2,4.0,,5.5,,4.1,4.5,A717,6.9,75000,1999,1,,,,,
5.6,7.5,,7.1,,4.7,5.5,S1844,7.2,90000,10,1,,,,,
5.7,5.7,,6.1,,6.1,3.8,S1814,6.2,250000,Donkervoort D8 GTO 2013,1,,,,,
2.3,2.5,,4.0,,2.2,7.0,D330,4.1,250000,DS 23 1975,1,,,,,
4.9,4.9,,5.9,,4.3,4.2,A723,6.1,550000,Eagle Speedster 2012,1,,,,,
6.7,9.9,,8.3,,5.8,5.0,S1867,5.4,150000,Elemental RP1 2019,1,,,,,
5.3,5.2,,4.8,,5.7,8.6,B682,4.5,50000,Exomotive Exocet Off-Road 2018,1,,,,,
9.4,7.3,,5.6,,10,7.6,A800,4.5,500000,Exomotive Exocet Off-Road Forza Edition 2018,1,,,,,
6.9,5.3,,5.4,,7.6,10,A748,4.6,700000,Extreme E #5 Veloce Racing 2022,1,,,,,
6.9,5.3,,5.4,,7.6,10,A748,4.6,700000,Extreme E #6 Rosberg X Racing 2022,1,,,,,
6.9,5.3,,5.4,,7.6,10,A748,4.6,700000,Extreme E #22 JBXE 2022,1,,,,,
6.9,5.3,,5.4,,7.6,10,A748,4.6,700000,Extreme E #23 Genesys Andretti United 2022,1,,,,,
6.9,5.3,,5.4,,7.6,10,A748,4.6,700000,Extreme E #42 XITE Racing Team 2022,1,,,,,
6.9,5.3,,5.4,,7.6,10,A748,4.6,700000,Extreme E #44 X44 2022,1,,,,,
6.9,5.3,,5.4,,7.6,10,A748,4.6,700000,Extreme E #55 ACCIONA | Sainz XE Team 2022,1,,,,,
6.9,5.3,,5.4,,7.6,10,A748,4.6,700000,Extreme E #58 McLaren Racing 2022,1,,,,,
6.9,5.3,,5.4,,7.6,10,A748,4.6,700000,Extreme E #99 Chip Ganassi Racing GMC Hummer EV 2022,1,,,,,
6.9,5.3,,5.4,,7.6,10,A748,4.6,700000,Extreme E #125 ABT Cupra XE 2022,1,,,,,
10,4.9,,4.7,,10,5.4,S1836,5.9,300000,Fast and Furious Chevrolet Impala Super Sport 'Fast X' 1966,1,,,,,
6.0,4.9,,5.5,,2.7,5.0,S1838,7.8,300000,Fast and Furious Datsun 240Z 'Fast X' 1973,1,,,,,
6.6,5.1,,4.8,,7.2,5.1,S1855,8.1,300000,Fast and Furious Dodge Charger 'Fast X' 1970,1,,,,,
5.4,5.7,,5.4,,5.7,4.7,S1831,8.4,120000,Fast and Furious Dodge Charger SRT Hellcat Redeye Widebody 'Fast X' 2022,1,,,,,
6.5,6.2,,6.6,,5.5,4.7,S1815,5.8,300000,Fast and Furious Flip Car 2.0 'Fast X' 2022,1,,,,,
6.3,4.2,,5.1,,5.9,4.4,A780,7.2,9000000,Ferrari #24 Ferrari Spa 330 P4 1967,1,,,,,
7.7,9.8,,8.3,,8.4,4.7,S2911,7.5,400000,Ferrari #25 Corse Clienti 488 Challenge 2017,1,,,,,
6.3,8.7,,8.3,,2.2,4.5,S2910,7.1,313000,Ferrari #62 Risi Competizione 488 GTE 2019,1,,,,,
3.4,2.8,,4.0,,2.3,5.7,C564,5.4,18500000,Ferrari 250 California 1957,1,,,,,
4.1,2.9,,4.2,,3.1,5.4,C590,5.5,2600000,Ferrari 250 GT Berlinetta Lusso 1962,1,,,,,
3.5,2.8,,3.9,,2.5,5.2,B612,6.4,50000000,Ferrari 250 GTO 1962,1,,,,,
4.5,2.9,,4.4,,4.2,4.5,B691,6.3,16400000,Ferrari 250 Testa Rossa 1957,1,,,,,
5.6,4.2,,5.1,,3.1,5.1,A750,7.4,3500000,Ferrari 288 GTO 1984,1,,,,,
7.0,8.0,,7.2,,7.7,4.7,S1892,8.1,300000,Ferrari 296 GTB 2022,1,,,,,
6.1,6.6,,6.8,,5.6,4.7,A773,7.0,200000,Ferrari 360 Challenge Stradale 2003,1,,,,,
4.4,3.0,,4.4,,3.1,5.4,B637,7.0,600000,Ferrari 365 GTB/4 1968,1,,,,,
6.2,6.9,,6.9,,6.4,4.3,S1810,7.6,300000,Ferrari 430 Scuderia 2007,1,,,,,
6.3,6.9,,7.2,,6.8,4.1,S1823,7.9,225000,Ferrari 458 Italia 2009,1,,,,,
6.9,7.9,,8.0,,7.5,3.7,S1865,7.7,340000,Ferrari 458 Speciale 2013,1,,,,,
6.8,7.8,,7.9,,6.5,4.4,S1863,8.2,290000,Ferrari 488 GTB 2015,1,,,,,
7.0,8.4,,8.2,,7.6,4.2,S1889,7.6,320000,Ferrari 488 Pista 2019,1,,,,,
6.5,5.7,,6.6,,6.0,4.9,S1861,7.9,3500000,Ferrari 512 S 1970,1,,,,,
4.9,4.5,,6.1,,3.8,4.6,A733,7.2,270000,Ferrari 512 TR 1992,1,,,,,
5.6,4.4,,5.6,,5.7,4.9,A747,7.5,250000,Ferrari 575M Maranello 2002,1,,,,,
6.0,7.2,,7.4,,6.3,4.5,S1828,7.9,350000,Ferrari 599 GTO 2010,1,,,,,
7.2,9.4,,8.9,,7.9,3.5,S2924,8.3,2000000,Ferrari 599XX 2010,1,,,,,
7.3,10,,9.8,,7.9,3.8,S2952,8.0,2600000,Ferrari 599XX Evolution 2012,1,,,,,
6.2,7.6,,7.5,,6.6,4.0,S1878,7.9,350000,Ferrari 812 Superfast 2017,1,,,,,
5.7,6.2,,6.1,,6.1,4.5,A784,7.2,250000,Ferrari California T 2014,1,,,,,
3.2,2.8,,4.9,,2.0,5.4,C535,5.2,425000,Ferrari Dino 246 GT 1969,1,,,,,
6.4,8.3,,7.5,,6.9,4.7,S1857,8.1,2800000,Ferrari Enzo Ferrari 2002,1,,,,,
6.5,8.4,,7.6,,7.0,4.8,S1884,8.8,500000,Ferrari F12tdf 2015,1,,,,,
4.5,4.3,,6.1,,3.6,4.9,A717,6.8,190000,Ferrari F355 Berlinetta 1994,1,,,,,
6.3,5.3,,6.5,,2.6,5.0,A784,7.3,1200000,Ferrari F40 1987,1,,,,,
6.6,8.5,,10,,1.7,4.4,S2947,8.3,2000000,Ferrari F40 Competizione 1989,1,,,,,
5.7,5.6,,6.5,,5.0,4.8,A789,7.3,2000000,Ferrari F50 1995,1,,,,,
7.0,10,,10,,7.1,4.1,S2976,8.1,2000000,Ferrari F50 GT 1996,1,,,,,
7.2,8.1,,8.3,,7.9,4.4,S1891,8.4,750000,Ferrari F8 Tributo 2020,1,,,,,
8.1,10,,10,,8.9,4.4,S2956,8.4,2500000,Ferrari FXX 2005,1,,,,,
8.1,10,,10,,9.0,3.6,S2979,8.1,2700000,Ferrari FXX K 2014,1,,,,,
8.3,10,,10,,9.1,4.0,S2998,8.1,3000000,Ferrari FXX-K Evo 2018,1,,,,,
6.9,6.6,,6.8,,6.7,5.1,S1816,7.5,300000,Ferrari GTC4Lusso 2017,1,,,,,
6.8,7.3,,7.5,,7.4,4.3,S1857,8.4,2500000,Ferrari J50 2017,1,,,,,
7.2,9.6,,9.0,,7.9,4.4,S2934,9.4,1500000,Ferrari LaFerrari 2013,1,,,,,
6.1,7.1,,7.3,,6.6,3.7,S1867,8.6,2000000,Ferrari Monza SP2 2019,1,,,,,
6.3,6.8,,6.5,,6.8,4.7,S1814,7.8,215000,Ferrari Portofino 2018,1,,,,,
5.9,6.9,,5.9,,6.3,4.9,S1830,7.4,300000,Ferrari Roma 2020,1,,,,,
9.8,8.0,,8.1,,10,4.6,S2915,8.8,750000,Ferrari SF90 Stradale 2020,1,,,,,
2.3,2.1,,3.2,,2.9,5.0,D288,3.9,25000,FIAT 124 Sport Spider 1980,1,,,,,
3.7,2.9,,4.0,,2.7,5.6,D498,4.8,250000,FIAT Dino 2.4 Coupe 1969,1,,,,,
4.3,3.8,,5.0,,3.5,4.7,A771,7.5,11000000,Ford #2 GT40 Mk II Le Mans 1966,1,,,,,
7.1,4.0,,5.0,,9.6,8.3,A749,4.9,200000,Ford #4 Ford Focus RS 2001Expedition:,1,,,,,
5.0,3.8,,4.5,,5.3,7.0,B662,4.4,300000,Ford #5 Escort RS1800 MKII 1977,1,,,,,
4.6,4.8,,3.3,,4.5,9.1,A731,5.6,500000,Ford #11 Rockstar F-150 Trophy Truck 2014,1,,,,,
9.2,5.9,,5.6,,10,7.6,S1860,5.0,500000,Ford #14 Rahal Letterman Lanigan Racing GRC Fiesta 2017,1,,,,,
6.1,5.2,,4.1,,5.2,10,A748,4.7,500000,Ford #25 Ultra4 Bronco RTR 2017,1,,,,,
5.2,4.7,,5.3,,5.5,4.1,S1834,5.9,500000,Ford #25 Mustang RTR 2018,1,,,,,
5.6,9.0,,8.2,,2.2,4.2,S2910,6.5,650000,Ford #66 GTLM Le Mans 2016,1,,,,,
5.2,4.7,,5.3,,5.5,4.1,S1834,5.9,500000,Ford #88 Mustang RTR 2018,1,,,,,
3.2,4.8,,4.1,,5.2,10,C544,4.2,250000,Ford #2069 Ford Performance Bronco R 2019,1,,,,,
8.8,5.4,,3.9,,9.9,9.9,A800,6.1,250000,Ford #2069 Ford Bronco R 2019,1,,,,,
1.6,2.0,,4.1,,2.6,6.1,D100,2.6,20000,Ford Anglia 105E 1959,1,,,,,
3.5,2.1,,3.0,,2.8,8.0,D421,4.3,38000,Ford Bronco 1975,1,,,,,
4.0,3.4,,3.5,,6.1,8.4,C560,4.9,55000,Ford Bronco 2021,1,,,,,
4.8,3.3,,3.4,,5.3,9.4,C588,5.1,250000,Ford Bronco Raptor 2022,1,,,,,
3.8,2.5,,4.1,,3.3,5.2,D497,4.8,55000,Ford Capri RS3100 1973,1,,,,,
3.1,2.5,,4.1,,1.9,5.6,D462,5.2,25000,2010,1,,,,,
2.1,1.8,,3.6,,2.2,6.1,D130,3.2,44000,Ford De Luxe Coupe 1940,1,,,,,
1.9,1.8,,3.9,,2.8,4.8,D126,3.2,35000,Ford De Luxe Five-Window Coupe 1932,1,,,,,
5.8,5.8,,3.0,,6.3,8.5,A800,6.6,294000,Ford De Luxe Five-Window Coupe Forza Edition 1932,1,,,,,
4.3,3.1,,4.8,,2.8,5.2,C565,5.2,66000,Ford Escort RS Cosworth 1992,1,,,,,
3.8,2.8,,4.2,,3.7,3.9,C516,4.5,25000,Ford Escort RS Turbo 1986,1,,,,,
3.7,2.9,,4.1,,2.7,5.9,D476,4.2,73000,Ford Escort RS1600 1973,1,,,,,
3.6,2.8,,4.2,,3.0,6.0,D477,4.2,88000,Ford Escort RS1800 1977,1,,,,,
3.1,2.1,,2.7,,3.0,6.9,D302,3.8,36000,Ford F-100 1965,1,,,,,
5.1,2.9,,2.6,,5.4,8.3,B607,3.8,100000,Ford F-150 Lightning Platinum 2022Grit Reapers: Win,1,,,,,
4.8,3.3,,3.3,,4.0,8.7,C559,4.9,63000,Ford F-150 Raptor 2017,1,,,,,
7.1,3.3,,2.7,,6.2,8.6,B689,5.9,250000,Ford F-150 Raptor R 2023,1,,,,,
4.2,3.4,,4.5,,3.0,6.1,C585,5.3,20000,Ford F-150 SVT Lightning 2003,1,,,,,
4.1,2.8,,3.3,,3.1,8.6,C518,5.3,42000,Ford F-150 SVT Raptor 2011,1,,,,,
2.6,3.0,,3.0,,1.6,8.3,D357,3.5,250000,Ford F-150 XLT Lariat 1986,1,,,,,
4.8,4.4,,5.5,,5.0,4.7,A718,7.1,60000,Ford Falcon GT F 351 2015,1,,,,,
4.0,2.9,,4.2,,3.3,5.4,B624,6.3,80000,Ford Falcon XA GT-HO 1972,1,,,,,
4.1,3.5,,5.1,,4.2,4.9,B607,5.2,25000,Ford Fiesta ST 2014,1,,,,,
4.2,3.7,,4.9,,4.3,5.2,B615,5.2,250000,Ford Fiesta ST 2023,1,,,,,
3.1,2.5,,4.4,,2.4,5.1,D369,3.8,25000,Ford Fiesta XR2 1981,1,,,,,
4.1,3.5,,5.1,,3.6,4.6,C593,5.1,30000,Ford Focus RS 2003,1,,,,,
4.4,3.9,,5.5,,4.5,4.7,B660,5.6,25000,Ford Focus RS 2009,1,,,,,
5.8,4.2,,6.0,,3.7,5.5,A702,6.2,59000,Ford Focus RS 2017,1,,,,,
4.5,4.2,,5.2,,4.7,5.3,A707,6.0,250000,Ford Focus ST 2022,1,,,,,
4.7,3.7,,5.0,,4.9,5.1,B685,6.3,50000,Ford FPV Limited Edition Pursuit Ute 2014,1,,,,,
4.7,5.3,,6.6,,3.3,5.1,A786,7.7,300000,Ford GT 2005,1,,,,,
6.6,8.5,,7.1,,3.6,4.4,S1863,8.3,400000,Ford GT 2017,1,,,,,
6.7,9.2,,7.9,,4.2,4.5,S1900,8.6,400000,Ford GT 'OPI Edition' 2017,1,,,,,
4.6,4.0,,5.2,,3.7,4.8,A754,6.9,11000000,Ford GT40 Mk I 1964,1,,,,,
4.2,3.4,,5.3,,3.1,7.4,B671,5.1,150000,Ford GT70 1970,1,,,,,
3.5,2.3,,3.9,,2.6,5.3,D389,4.0,50000,Ford Lotus Cortina 1966,1,,,,,
8.7,6.1,,6.1,,9.7,8.5,S1808,5.1,500000,Ford M-Sport Fiesta RS 2017,1,,,,,
3.2,3.0,,4.4,,2.3,5.8,C581,5.5,230000,Ford Mustang Boss 302 1969,1,,,,,
5.6,5.0,,5.7,,4.9,5.3,A772,7.0,250000,Ford Mustang Dark Horse 2024,1,,,,,
5.2,4.4,,5.5,,5.5,4.9,A756,6.9,40000,Ford Mustang GT 2018,1,,,,,
5.2,4.4,,5.1,,5.2,5.4,A739,6.7,250000,Ford Mustang GT 2024,1,,,,,
3.4,2.3,,3.9,,3.3,5.5,D498,5.7,50000,Ford Mustang GT 2+2 Fastback 1968,1,,,,,
3.3,2.3,,3.6,,3.2,5.4,D499,5.1,46000,Ford Mustang GT Coupe 1965,1,,,,,
3.4,2.5,,3.8,,3.2,5.2,C546,4.8,250000,Ford Mustang Mach 1 1971Midnight Battle #1,1,,,,,
7.3,8.4,,6.9,,8.1,4.2,S1900,5.6,750000,Ford Mustang Mach-E 1400 2021Horizon Story: Complete,1,,,,,
5.1,4.8,,6.2,,5.4,4.6,A757,6.5,105000,Ford Mustang RTR Spec 5 2018,1,,,,,
5.8,5.6,,6.6,,6.1,4.8,S1836,7.7,100000,Ford Mustang Shelby GT500 2020,1,,,,,
3.9,2.8,,4.5,,2.8,5.4,C525,5.1,15000,Ford Mustang SVO 1986,1,,,,,
4.0,3.3,,4.1,,3.5,5.0,B639,6.5,250000,Ford Mustang SVT Cobra 2003,1,,,,,
4.2,3.6,,4.3,,3.8,5.3,B625,5.8,250000,Ford Mustang SVT Cobra R 1995,1,,,,,
4.6,4.1,,4.8,,3.5,7.3,B636,4.5,500000,Ford Racing Escort Mk1 1967,1,,,,,
3.5,3.3,,4.6,,2.7,5.0,C514,4.9,20000,Ford Racing Puma 1999,1,,,,,
9.4,5.8,,6.3,,6.0,8.0,S1900,5.7,500000,Ford Racing Puma Forza Edition 1999,1,,,,,
2.7,3.1,,3.3,,4.9,8.6,D451,4.5,58000,Ford Ranger Raptor 2019,1,,,,,
5.4,4.0,,4.8,,7.8,8.4,B643,4.4,250000,Ford Ranger T6 Rally Raid 2014,1,,,,,
6.9,5.0,,5.7,,2.3,7.8,S1808,5.4,260000,Ford RS200 Evolution 1985,1,,,,,
6.1,6.1,,6.8,,6.2,5.3,S1815,7.2,75000,Ford Shelby GT350R 2016,1,,,,,
4.7,4.3,,5.2,,4.6,4.9,A756,7.4,115000,Ford Shelby GT500 2013,1,,,,,
4.3,3.4,,4.8,,3.3,4.8,B604,5.6,66000,Ford Sierra Cosworth RS500 1987,1,,,,,
1.7,1.7,,3.8,,2.0,6.0,D124,3.4,250000,Ford Super Deluxe Station Wagon 1946,1,,,,,
4.3,2.7,,3.1,,7.3,8.1,D466,4.6,70000,Ford Super Duty F-450 DRW Platinum 2020,1,,,,,
7.4,7.9,,8.0,,5.5,4.6,S1820,5.2,500000,Ford Supervan 3 1994,1,,,,,
8.3,9.2,,8.2,,9.1,4.3,S1900,6.0,500000,Ford Supervan 3 'Donut Media Edition' 1994,1,,,,,
10,9.0,,7.8,,10,4.5,S2953,7.9,2000000,Ford Supervan 4 2022,1,,,,,
3.7,2.9,,4.5,,2.9,4.7,C539,5.3,28000,Ford SVT Cobra R 1993,1,,,,,
4.0,3.4,,4.5,,4.0,4.9,B648,6.7,55000,Ford SVT Cobra R 2000,1,,,,,
1.3,1.8,,4.2,,1.8,6.3,D100,2.5,25000,Ford Transit 1965,1,,,,,
2.7,2.3,,3.7,,3.1,5.7,D347,4.5,50000,Ford Transit SuperSportVan 2011,1,,,,,
3.3,2.7,,3.6,,3.2,5.2,C532,5.2,250000,Ford XB Falcon GT 1973,1,,,,,
5.1,4.7,,5.4,,5.4,4.1,S1825,5.8,300000,Formula Drift #13 Ford Mustang 2015,1,,,,,
5.2,5.6,,5.6,,3.7,4.2,S1845,7.7,300000,Formula Drift #34 Toyota Supra MkIV 1995,1,,,,,
5.3,4.9,,5.1,,5.6,4.0,S1826,7.3,300000,Formula Drift #43 Dodge Viper SRT10 2006,1,,,,,
4.8,5.3,,5.1,,5.0,3.9,S1822,6.0,250000,Formula Drift #51 Donut Media Nissan 240SX 1996,1,,,,,
5.4,5.5,,5.3,,5.7,4.3,S1854,7.1,300000,Formula Drift #64 Forsberg Racing Nissan Z 2023,1,,,,,
5.2,4.4,,5.4,,5.5,4.0,S1843,7.3,300000,Formula Drift #64 Nissan 370Z 2018,1,,,,,
5.2,5.0,,5.3,,5.6,3.9,S1839,6.7,300000,Formula Drift #91 BMW M2 2020,1,,,,,
5.0,4.2,,5.1,,5.2,4.1,S1813,6.9,300000,Formula Drift #98 BMW 325i 1989,1,,,,,
4.7,4.5,,5.4,,3.2,4.0,S1829,6.7,300000,Formula Drift #99 Mazda RX-8 2009,1,,,,,
5.7,4.7,,5.3,,6.1,4.4,S1852,6.8,500000,Formula Drift #117 599 GTB Fiorano 2007,1,,,,,
5.5,5.6,,5.3,,3.6,4.1,S1863,6.2,300000,Formula Drift #151 Toyota GR Supra 2020,1,,,,,
5.1,4.9,,5.5,,5.4,4.4,S1835,8.9,150000,Formula Drift #357 Chevrolet Corvette Z06 2017,1,,,,,
5.0,5.5,,5.2,,5.2,4.2,S1840,7.0,300000,Formula Drift #411 Toyota Corolla Hatchback 2019,1,,,,,
4.6,4.3,,5.3,,4.8,4.1,S1808,7.6,300000,Formula Drift #530 HSV Maloo Gen-F 2016,1,,,,,
5.1,4.8,,5.5,,5.4,3.6,S1848,6.4,300000,Formula Drift #777 Chevrolet Corvette 2013,1,,,,,
5.2,4.4,,5.3,,5.5,4.0,S1826,6.7,300000,Formula Drift #777 Nissan 240SX 1997,1,,,,,
5.2,6.6,,5.9,,5.5,4.3,S1881,7.4,300000,Forsberg Racing Nissan 'Altimaniac' 2021,1,,,,,
6.1,4.8,,6.3,,4.1,4.1,A791,6.7,100000,Forsberg Racing Nissan 'Gold Leader' Datsun 280Z 1975,1,,,,,
5.0,3.9,,5.4,,5.1,7.9,A720,6.1,40000,Forsberg Racing Nissan 'SafariZ' 370Z Safari Rally Tribute 2014,1,,,,,
4.2,5.1,,8.8,,1.7,3.7,S1900,8.3,400000,Forsberg Racing Toyota Gumout 2JZ Camry Stock Car 2010,1,,,,,
7.6,5.1,,2.9,,8.5,8.8,S1821,5.2,500000,Funco Motorsports F9 2018,1,,,,,
5.4,3.7,,5.1,,5.7,4.6,A769,7.1,500000,Ginetta G10 RM 2019,1,,,,,
5.2,3.5,,2.9,,5.6,8.2,A718,3.7,250000,GMC HUMMER EV Pickup 2022,1,,,,,
5.2,3.5,,2.9,,5.6,8.2,A718,3.7,250000,GMC HUMMER EV Pickup 2022,1,,,,,
4.5,3.1,,3.4,,3.6,9.1,C521,4.4,75000,GMC Jimmy 1970,1,,,,,
5.4,2.6,,4.3,,2.6,5.7,C548,5.3,250000,GMC Syclone 1991,1,,,,,
5.1,2.6,,4.4,,2.5,5.7,C538,5.2,250000,GMC Typhoon 1992,1,,,,,
2.3,2.1,,4.0,,2.2,6.5,D226,3.6,25000,GMC Vandura G-1500 1983,1,,,,,
7.7,10,,8.5,,8.4,5.2,S2936,8.0,2840000,Gordon Murray Automotive T.50 2022,1,,,,,
3.7,2.7,,4.2,,2.6,5.0,C550,5.1,250000,HDT VK Commodore Group A 1985,1,,,,,
5.6,6.0,,6.7,,6.0,4.6,S1857,7.8,250000,Hennessey Camaro Exorcist 2019,1,,,,,
6.7,3.5,,3.2,,5.2,9.7,B697,6.5,450000,Hennessey Mammoth 1000 6x6 TRX 2022,1,,,,,
5.5,4.5,,4.0,,2.8,10,B634,5.2,350000,Hennessey VelociRaptor 6x6 2019,1,,,,,
6.8,8.7,,9.6,,7.3,4.2,S2964,10,3000000,Hennessey Venom F5 2021HW Academy:,1,,,,,
6.8,7.8,,6.8,,7.4,4.7,S2911,9.8,1200000,Hennessey Venom GT 2012,1,,,,,
3.6,2.5,,3.9,,3.2,5.3,C525,4.8,75000,Holden HQ Monaro GTS 350 1973,1,,,,,
3.8,2.6,,4.0,,3.1,5.8,C501,4.8,55000,Holden Sandman HQ Panelvan 1974,1,,,,,
3.4,2.7,,4.0,,2.8,5.2,C517,4.9,130000,Holden Torana A9X 1977,1,,,,,
9.2,5.8,,5.6,,8.4,7.3,S1861,5.0,155000,Honda Civic Coupe 2016,1,,,,,
3.0,2.6,,4.7,,1.8,4.6,D499,4.8,40000,1984,1,,,,,
2.4,2.4,,4.2,,3.0,5.1,D368,3.9,25000,Honda Civic RS 1974,1,,,,,
3.7,3.0,,4.8,,3.0,4.7,C553,5.5,25000,Honda Civic Type R 1997,1,,,,,
4.1,3.5,,5.0,,3.7,5.1,C600,5.4,25000,Honda Civic Type R 2004,1,,,,,
4.0,3.7,,5.4,,3.2,5.2,C574,5.3,20000,Honda Civic Type R 2007,1,,,,,
4.7,4.3,,6.0,,4.8,4.6,B699,6.5,38000,Honda Civic Type R 2016,1,,,,,
4.6,4.6,,6.0,,4.8,4.6,A727,6.8,59000,Honda Civic Type R 2018,1,,,,,
3.2,2.9,,5.1,,2.3,5.4,C534,5.1,20000,1991,1,,,,,
4.9,4.3,,6.1,,3.8,4.6,B691,6.2,90000,Honda NSX-R 1992,1,,,,,
5.0,4.7,,5.8,,3.8,4.9,B691,6.4,150000,Honda NSX-R 2005,1,,,,,
5.6,5.6,,6.7,,4.4,4.5,A725,6.4,500000,Honda NSX-R GT 2005,1,,,,,
3.7,3.1,,4.7,,3.1,5.4,C521,5.0,20000,Honda Prelude Si 1994,1,,,,,
5.0,4.8,,3.5,,3.6,9.2,A703,5.2,500000,Honda Ridgeline Baja Trophy Truck 2015,1,,,,,
4.2,3.3,,5.4,,3.7,5.0,B630,6.0,25000,Honda S2000 2003,1,,,,,
4.6,3.7,,5.7,,3.7,5.0,B634,5.7,25000,2000,1,,,,,
4.1,3.0,,3.8,,3.1,6.4,B621,5.7,76000,Hoonigan Chevrolet Bel Air 1955,1,,,,,
5.0,4.7,,5.2,,5.3,5.0,A731,6.7,50000,Hoonigan Chevrolet Napalm Nova 1972,1,,,,,
7.7,5.9,,6.1,,4.0,7.4,A783,5.5,500000,Hoonigan Ford Escort Cosworth WRC 1994,1,,,,,
5.7,6.3,,6.7,,6.1,4.2,S1820,6.2,300000,Hoonigan Ford Escort RS1800 1978,1,,,,,
10,5.9,,6.7,,7.4,5.5,S2951,9.2,500000,Hoonigan Ford Mustang 1965,1,,,,,
9.5,5.3,,6.5,,5.1,8.3,S2904,7.6,500000,Hoonigan Ford RS200 Evolution 1986,1,,,,,
9.2,6.4,,5.8,,10,7.0,S1863,5.1,500000,Hoonigan Gymkhana 9 Ford Focus RS RX 2016,1,,,,,
9.1,5.3,,5.8,,8.7,7.9,S1862,7.8,500000,Hoonigan Gymkhana 10 Ford Escort Cosworth Group A 1991,1,,,,,
7.9,6.7,,5.9,,8.7,6.3,S1896,6.2,500000,Hoonigan Gymkhana 10 Ford F-150 'Hoonitruck' 1965,1,,,,,
9.2,6.4,,5.7,,10,7.2,S1864,5.1,500000,Hoonigan Gymkhana 10 Ford Focus RS RX 2016,1,,,,,
10,5.9,,6.6,,7.7,5.4,S2952,8.8,500000,Hoonigan Gymkhana 10 Ford Hoonicorn Mustang 1965,1,,,,,
4.6,4.5,,5.8,,4.7,3.8,A799,8.3,50000,Hoonigan Mazda RX-7 Twerkstallion 1992,1,,,,,
7.2,5.3,,7.7,,4.1,4.0,S1811,6.7,160000,Hoonigan Rauh-Welt Begriff Porsche 911 Turbo 1991,1,,,,,
3.4,4.2,,5.2,,5.5,9.8,C524,3.7,300000,Hoonigan Volkswagen Baja Beetle Class 5/1600 'Scumbug' 1973,1,,,,,
6.9,5.4,,5.9,,7.6,3.9,S1854,6.7,250000,Hot Wheels 2JetZ 2018HW Academy:,1,,,,,
9.2,10,,10,,10,4.3,S2998,6.8,200000,Hot Wheels Bad to the Blade 2012HW Academy:,1,,,,,
6.5,4.1,,4.1,,5.7,10,B700,6.2,150000,Hot Wheels Baja Bone Shaker 2013HW Academy:,1,,,,,
5.7,4.9,,5.2,,6.2,4.2,A790,6.0,150000,Hot Wheels Bone Shaker 2011,1,,,,,
6.4,5.4,,6.8,,6.2,4.3,A800,6.5,500000,Hot Wheels Deora II 2000HW Academy:,1,,,,,
5.1,3.9,,4.8,,5.4,5.6,B630,4.6,250000,Hot Wheels Ford F-5 Dually Custom Hot Rod 1949HW Academy:,1,,,,,
6.1,6.4,,8.4,,4.6,3.9,S1819,6.8,300000,Hot Wheels Ford Mustang 2005HW Academy:,1,,,,,
4.0,3.0,,3.7,,4.0,4.7,B631,5.6,250000,Hot Wheels Nash Metropolitan Custom 1957HW Academy:,1,,,,,
6.7,6.9,,6.5,,7.4,3.4,S1894,6.3,300000,Hot Wheels Pontiac Firebird Trans Am Custom 1970,1,,,,,
6.0,4.3,,4.7,,6.2,8.8,A715,5.4,300000,Hot Wheels Rip Rod 2012HW Academy:,1,,,,,
4.9,4.5,,5.2,,5.2,3.8,A798,8.6,110000,Hot Wheels Twin Mill 1969,1,,,,,
4.8,4.5,,5.5,,4.0,4.8,A721,7.0,75000,HSV GEN-F GTS 2014,1,,,,,
4.8,4.8,,5.0,,4.6,4.8,A742,6.5,62000,HSV Limited Edition Gen-F GTS Maloo 2014,1,,,,,
2.0,2.4,,2.9,,2.5,8.6,D354,4.2,112000,Hummer H1 Alpha 2006,1,,,,,
4.9,8.4,,7.2,,2.1,5.1,A800,5.5,250000,Hyundai #98 Bryan Herta Autosport Elantra N 2021,1,,,,,
4.6,4.3,,5.1,,4.8,5.3,B670,5.3,250000,Hyundai i30 N 2020,1,,,,,
5.6,4.0,,4.4,,5.9,6.0,A756,5.8,250000,Hyundai IONIQ 5 N 2023,1,,,,,
4.9,3.7,,5.1,,5.2,5.8,B686,4.4,250000,Hyundai IONIQ 6 2022,1,,,,,
4.7,4.1,,4.9,,4.6,5.7,B684,5.8,250000,Hyundai Kona N 2022,1,,,,,
4.8,4.9,,5.6,,5.0,4.8,A799,5.4,250000,Hyundai N Vision 74 2022,1,,,,,
4.5,3.7,,5.4,,4.7,5.0,B645,6.0,30000,Hyundai Veloster N 2019,1,,,,,
4.8,4.7,,5.6,,5.0,4.6,A735,6.8,50000,Infiniti Q60 Concept 2015,1,,,,,
2.7,2.1,,2.7,,3.6,8.0,D384,4.1,40000,International Scout 800A 1970,1,,,,,
6.8,4.7,,5.2,,7.5,5.2,S1809,7.1,150000,Italdesign DaVinci Concept 2019,1,,,,,
9.2,8.0,,7.7,,8.9,4.9,S1869,7.6,2400000,Italdesign Zerouno 2018,1,,,,,
4.0,3.1,,3.5,,3.5,4.9,C599,5.6,5000000,Jaguar C-Type 1953,1,,,,,
9.4,8.0,,7.8,,10,4.1,S1880,8.1,1500000,Jaguar C-X75 2010,1,,,,,
3.8,2.8,,3.8,,2.6,4.4,B630,5.6,22000000,Jaguar D-Type 1956,1,,,,,
4.0,2.7,,4.2,,2.8,5.2,C525,5.2,150000,Jaguar E-type 1961,1,,,,,
5.4,3.8,,4.6,,4.8,6.9,B674,6.0,55000,Jaguar F-PACE S 2017,1,,,,,
5.1,6.5,,6.3,,5.4,4.3,A786,7.0,190000,Jaguar F-TYPE Project 7 2016,1,,,,,
5.2,6.0,,5.9,,5.4,4.2,A777,7.5,110000,Jaguar F-TYPE R Coup√© 2015,1,,,,,
7.7,5.2,,6.6,,6.6,5.5,S1806,7.3,250000,Jaguar F-TYPE SVR 2020,1,,,,,
4.5,3.7,,4.9,,4.7,5.8,A705,4.5,87000,Jaguar I-Pace 2018,1,,,,,
4.7,3.4,,4.4,,4.4,4.6,B688,6.3,7500000,Jaguar Lightweight E-Type 1964,1,,,,,
3.5,2.8,,4.1,,2.8,5.5,D448,4.6,80000,Jaguar Mk II 3.8 1959,1,,,,,
6.0,6.8,,8.0,,6.3,4.7,S1828,7.5,500000,Jaguar Sport XJR-15 1991,1,,,,,
8.1,7.9,,7.2,,7.2,5.7,S1830,6.7,200000,Jaguar XE SV Project 8 2019,1,,,,,
4.7,3.7,,5.5,,4.8,4.9,B671,6.8,57000,Jaguar XE-S 2015,1,,,,,
5.0,4.2,,5.7,,5.2,4.6,A728,7.5,110000,Jaguar XFR-S 2015,1,,,,,
5.1,4.0,,4.9,,4.4,4.2,A779,7.6,18000000,Jaguar XJ13 1966,1,,,,,
5.2,5.2,,6.4,,2.2,4.8,A786,7.7,350000,Jaguar XJ220 1993,1,,,,,
6.4,6.0,,6.8,,2.7,4.6,S1848,8.2,400000,Jaguar XJ220S TWR 1993,1,,,,,
4.9,4.3,,6.1,,5.1,4.4,A756,7.5,100000,Jaguar XKR-S 2012,1,,,,,
5.2,6.4,,6.0,,5.4,4.5,A778,7.2,250000,Jaguar XKR-S GT 2015,1,,,,,
4.3,2.6,,3.0,,5.3,7.6,D431,3.7,60000,Jeep CJ5 Renegade 1976,1,,,,,
6.0,4.0,,4.1,,5.8,6.7,B680,6.0,80000,Jeep Grand Cherokee SRT 2014,1,,,,,
8.5,4.9,,5.1,,7.8,5.6,A749,6.9,73000,Jeep Grand Cherokee Trackhawk 2018,1,,,,,
3.6,2.5,,3.0,,3.2,8.4,D456,4.8,45000,Jeep Gladiator Rubicon 2020,1,,,,,
5.5,4.0,,3.9,,4.1,10,A744,6.2,75000,Jeep Trailcat 2016,1,,,,,
4.0,2.4,,3.1,,3.2,8.0,D463,4.6,50000,Jeep Wrangler Rubicon 2012,1,,,,,
6.3,4.5,,2.4,,6.3,8.8,A763,5.7,150000,179,1,,,,,
3.8,5.2,,2.9,,2.9,9.3,B623,4.5,350000,Jimco #240 Fastball Racing Spec Trophy Truck 2019Apex Predators: Win,1,,,,,
4.6,3.6,,4.3,,4.7,6.1,A719,5.7,250000,Kia EV6 GT 2023,1,,,,,
6.1,7.7,,7.5,,6.5,4.5,S1895,9.7,1500000,Koenigsegg Agera 2011,1,,,,,
7.0,9.7,,9.7,,7.6,4.3,S2980,10,2000000,Koenigsegg Agera RS 2017,1,,,,,
6.1,6.4,,7.6,,3.8,4.7,S1846,8.7,400000,Koenigsegg CC8S 2002,1,,,,,
6.8,10,,10,,7.1,3.9,S2965,7.8,1000000,Koenigsegg CCGT 2008,1,,,,,
6.1,7.6,,6.9,,6.5,4.9,S1870,8.8,600000,Koenigsegg CCX 2006,1,,,,,
6.9,9.0,,10,,7.4,4.4,S2971,10,2800000,Koenigsegg Jesko 2020,1,,,,,
7.0,10,,9.5,,7.5,4.3,S2983,10,2800000,Koenigsegg One:1 2015,1,,,,,
5.8,9.2,,7.9,,6.2,4.2,S2966,9.1,1900000,Koenigsegg Regera 2016,1,,,,,
5.5,10,,8.9,,1.8,5.2,S2931,6.7,500000,KTM X-Bow GT2 2020,1,,,,,
5.4,10,,9.2,,2.8,4.4,S1845,5.4,400000,KTM X-Bow GT4 2018,1,,,,,
6.8,7.8,,8.0,,7.4,3.9,S1802,5.2,105000,KTM X-Bow R 2013,1,,,,,
7.0,9.5,,8.8,,6.7,4.7,S2906,6.7,400000,Lamborghini #63 Squadra Corse Hurac√°n Super Trofeo Evo 2018,1,,,,,
7.7,7.1,,7.1,,7.0,5.1,S1839,7.9,2700000,Lamborghini Aventador J 2012,1,,,,,
8.2,7.3,,7.1,,7.4,5.0,S1847,8.9,380000,Lamborghini Aventador LP700-4 2012,1,,,,,
9.9,8.0,,7.2,,9.5,5.1,S1878,7.3,250000,Lamborghini Aventador LP 780-4 Ultimae 2021,1,,,,,
8.7,8.1,,7.9,,8.0,5.0,S1872,8.5,480000,Lamborghini Aventador Superveloce 2016,1,,,,,
8.3,8.2,,8.6,,7.6,4.7,S1889,8.0,500000,Lamborghini Aventador SVJ 2018,1,,,,,
8.7,8.9,,8.7,,8.0,4.6,S1884,8.3,2300000,Lamborghini Centenario LP 770-4 2016,1,,,,,
4.7,4.3,,6.2,,3.6,4.8,A735,6.8,220000,Lamborghini Countach LP5000 QV 1988,1,,,,,
9.1,7.5,,7.1,,8.4,5.2,S1865,7.8,2750000,Lamborghini Countach LPI 800-4 2021,1,,,,,
6.8,7.8,,9.0,,5.9,4.1,S1881,7.8,1000000,Lamborghini Diablo GTR 1999,1,,,,,
5.2,4.9,,6.2,,4.2,4.6,A763,7.7,174000,Lamborghini Diablo SV 1997,1,,,,,
4.1,3.0,,4.7,,3.1,5.1,C597,5.8,110000,Lamborghini Espada 400 GT 1973,1,,,,,
6.4,10,,9.7,,6.7,5.1,S2967,7.7,5000000,Lamborghini Essenza SCV12 2020,1,,,,,
6.7,6.6,,6.8,,6.3,5.1,A797,7.1,280000,Lamborghini Gallardo LP 570-4 Spyder Performante 2012,1,,,,,
7.4,5.3,,6.4,,6.9,5.5,S1814,7.5,280000,Lamborghini Gallardo LP 570-4 Superleggera 2011,1,,,,,
9.3,7.4,,7.7,,10,4.6,S1851,7.3,340000,Lamborghini Hurac√°n EVO 2020,1,,,,,
7.8,7.1,,7.1,,7.4,5.0,S1838,7.8,240000,Lamborghini Hurac√°n LP 610-4 2014,1,,,,,
9.8,7.9,,8.2,,10,4.7,S1874,7.6,275000,Lamborghini Hurac√°n Performante 2018,1,,,,,
9.1,6.2,,5.7,,7.5,7.9,S1836,7.6,250000,Lamborghini Hurac√°n Sterrato 2023,1,,,,,
7.1,8.7,,7.9,,7.8,5.0,S1883,7.2,450000,Lamborghini Hurac√°n STO 2020,1,,,,,
6.6,7.6,,6.9,,7.2,4.8,S1850,7.3,250000,Lamborghini Hurac√°n Tecnica 2023,1,,,,,
2.9,3.2,,3.0,,1.8,8.9,C562,5.3,180000,Lamborghini LM 002 1986,1,,,,,
3.8,3.1,,4.9,,2.7,5.1,B625,5.9,1000000,Lamborghini Miura P400 1967,1,,,,,
5.2,6.9,,7.2,,4.5,5.0,S1818,7.8,500000,Lamborghini Murci√©lago LP 670-4 SV 2010,1,,,,,
5.2,7.1,,7.0,,4.4,5.1,S1817,7.8,1375000,Lamborghini Revent√≥n 2008,1,,,,,
9.9,7.9,,7.5,,10,5.0,S2905,8.6,250000,Lamborghini Revuelto 2024,1,,,,,
9.8,8.2,,7.6,,9.1,5.3,S1884,7.5,2500000,Lamborghini SC20 2020,1,,,,,
10,10,,10,,10,4.6,S2936,7.8,2500000,Lamborghini Sesto Elemento 2011,1,,,,,
10,10,,10,,10,5.1,S2998,8.4,2750000,Lamborghini Sesto Elemento Forza Edition 2011,1,,,,,
8.3,8.1,,8.1,,8.1,4.6,S1881,8.8,3500000,Lamborghini Si√°n Roadster 2020,1,,,,,
6.1,6.2,,5.6,,5.1,6.1,A767,7.1,150000,Lamborghini Urus 2019,1,,,,,
8.8,9.7,,9.4,,8.1,4.6,S2910,8.2,3000000,Lamborghini Veneno 2013,1,,,,,
4.5,3.7,,5.0,,2.8,7.1,B647,5.2,750000,Lancia 037 Stradale 1982,1,,,,,
4.5,3.6,,4.6,,2.3,6.0,B602,4.9,100000,Lancia Delta HF Integrale Evo 1992,1,,,,,
5.5,3.7,,4.9,,5.5,7.6,B682,5.0,1000000,Lancia Delta S4 1986,1,,,,,
3.9,3.0,,3.7,,4.0,4.9,C526,4.5,250000,Lancia Fulvia Coup√© Rallye 1.6 HF 1968,1,,,,,
4.8,3.1,,4.5,,4.3,6.0,C590,5.3,550000,Lancia Stratos HF Stradale 1974,1,,,,,
2.7,2.5,,3.2,,1.8,8.2,D366,3.8,30000,Land Rover Defender 90 1997,1,,,,,
4.7,2.9,,3.1,,5.0,7.2,C534,5.4,80000,Land Rover Defender 110 X 2020,1,,,,,
2.3,2.5,,3.1,,3.5,7.8,D274,3.3,50000,Land Rover Range Rover 1973,1,,,,,
6.0,4.1,,4.0,,6.2,7.2,A722,6.5,133000,Land Rover Range Rover Sport SVR 2015,1,,,,,
4.4,3.7,,4.1,,4.1,6.9,B638,6.0,85000,Land Rover Range Rover Velar First Edition 2018,1,,,,,
1.6,2.0,,2.7,,2.3,7.4,D100,2.6,20000,Land Rover Series III 1997,1,,,,,
5.0,8.6,,8.2,,3.9,4.7,S1890,7.0,295000,Lexus #14 VASSER SULLIVAN RC F GT3 2020,1,,,,,
4.8,4.4,,5.3,,5.0,5.2,A719,7.0,250000,Lexus LC 500 2021,1,,,,,
5.8,7.0,,6.6,,6.0,4.5,S1810,7.4,500000,Lexus LFA 2010,1,,,,,
5.0,5.2,,5.3,,5.2,5.3,A741,6.7,75000,Lexus RC F 2015,1,,,,,
5.4,6.5,,6.8,,5.7,4.4,A777,7.1,100000,Lexus RC F Track Edition 2020,1,,,,,
4.0,3.0,,5.1,,3.1,5.5,C555,5.6,25000,Lexus SC300 1997,1,,,,,
2.6,1.9,,3.6,,1.7,6.0,D381,5.3,250000,Lincoln Continental 1962,1,,,,,
4.5,4.0,,3.8,,3.6,10,A716,6.0,100000,Local Motors Rally Fighter 2014,1,,,,,
7.0,4.8,,5.7,,7.7,4.2,S1818,7.1,850000,Lola #6 Penske Sunoco T70 MkIIIB 1969,1,,,,,
6.9,6.6,,6.8,,6.8,5.2,A799,5.9,250000,Lotus 2-Eleven 2009,1,,,,,
7.5,7.1,,7.7,,7.8,4.6,S1839,6.5,150000,Lotus 3-Eleven 2016,1,,,,,
5.5,6.8,,7.0,,4.8,5.1,B700,4.7,250000,Lotus 340R 2000,1,,,,,
3.5,2.4,,4.0,,2.5,4.9,D443,4.6,57000,Lotus Elan Sprint 1971,1,,,,,
5.6,7.1,,8.1,,3.4,4.6,A794,6.4,1800000,Lotus Elise GT1 1997,1,,,,,
5.8,5.1,,6.0,,4.8,4.8,A711,5.3,81000,Lotus Elise Series 1 Sport 190 1999,1,,,,,
6.3,5.6,,6.7,,5.1,5.2,A767,6.4,95000,Lotus Emira 2023,1,,,,,
3.5,2.8,,4.3,,1.5,5.6,C538,5.3,250000,Lotus Esprit Turbo 1980,1,,,,,
6.0,4.8,,5.5,,3.5,5.5,A731,6.8,250000,Lotus Esprit V8 2002,1,,,,,
7.6,10,,7.9,,8.5,3.9,S2994,7.6,2500000,Lotus Evija 2020,1,,,,,
7.7,6.9,,7.4,,8.5,4.9,S1833,6.7,250000,Lotus Exige Cup 430 2018,1,,,,,
6.5,5.4,,6.3,,6.2,4.8,A754,6.4,85000,Lotus Exige S 2012,1,,,,,
9.1,6.2,,5.4,,10,4.9,S1884,7.2,250000,Lucid Air Sapphire 2023,1,,,,,
5.0,8.4,,7.4,,2.0,4.7,A800,5.5,250000,Lynk & Co #100 Cyan Racing 03 2020,1,,,,,
3.7,4.0,,4.6,,4.6,5.4,B637,5.6,250000,Lynk & Co 02 Hatchback 2022,1,,,,,
3.7,4.2,,6.3,,6.8,5.4,B679,6.0,40000,Lynk & Co 03+ 2021,1,,,,,
4.3,4.1,,4.9,,5.7,6.3,B622,6.0,42000,Lynk & Co 05+ 2022,1,,,,,
3.8,2.9,,3.9,,3.2,4.0,B657,6.7,10000000,Maserati 8CTF 1939,1,,,,,
5.4,4.5,,6.0,,4.8,5.0,A702,6.9,156000,Maserati Gran Turismo S 2010,1,,,,,
6.7,9.6,,8.9,,7.3,3.8,S1900,7.9,500000,Maserati Gran Turismo S Forza Edition 2010,1,,,,,
5.1,4.3,,5.0,,2.4,6.4,B696,6.6,85000,Maserati Levante S 2017,1,,,,,
8.1,10,,10,,8.8,3.9,S2961,7.6,2500000,Maserati MC12 Versione Corsa 2008,1,,,,,
5.0,3.2,,5.2,,2.9,5.6,C589,5.2,25000,Mazda 323 GT-R 1992,1,,,,,
3.4,3.5,,5.5,,3.8,4.6,C587,5.1,25000,Mazda Mazdaspeed MX-5 2005,1,,,,,
3.9,3.4,,4.9,,3.4,5.5,C549,4.8,26000,Mazda MX-5 2013,1,,,,,
4.6,3.7,,5.6,,4.7,5.1,B620,5.4,35000,Mazda MX-5 2016,1,,,,,
3.4,2.5,,4.2,,2.3,5.2,D445,4.5,25000,Mazda MX-5 Miata 1994,1,,,,,
4.8,3.8,,5.0,,4.8,5.4,B626,5.3,250000,Mazda MX-5 Miata RF 2022,1,,,,,
4.8,3.3,,5.5,,3.0,5.0,B645,6.6,35000,Mazda RX-7 1997,1,,,,,
5.0,4.1,,5.7,,3.5,5.0,B687,6.5,30000,Mazda RX-7 Spirit R Type-A 2002,1,,,,,
4.6,3.7,,5.5,,3.8,5.1,B624,5.8,27000,Mazda RX-8 R3 2011,1,,,,,
4.3,3.1,,4.9,,3.3,5.1,C558,5.7,25000,Mazda Savanna RX-7 1990,1,,,,,
6.4,6.3,,6.1,,6.9,5.1,S1832,7.6,250000,McLaren 12C Coup√© 2011,1,,,,,
6.3,7.1,,6.9,,4.4,4.4,S1824,7.3,224000,McLaren 570S Coup√© 2015,1,,,,,
6.7,7.8,,7.7,,5.3,4.3,S1868,7.4,260000,McLaren 600LT Coup√© 2018,1,,,,,
6.7,7.8,,7.7,,4.4,4.2,S1864,7.2,400000,McLaren 620R 2021,1,,,,,
6.8,7.5,,7.2,,4.8,4.6,S1859,7.6,420000,McLaren 650S Coup√© 2015,1,,,,,
6.8,8.0,,7.0,,4.8,4.6,S1856,7.4,420000,McLaren 650S Spider 2014,1,,,,,
6.9,8.8,,7.7,,7.6,4.5,S1899,8.4,340000,McLaren 720S Coup√© 2018,1,,,,,
6.9,8.9,,7.4,,7.5,4.4,S1887,7.5,340000,McLaren 720S Spider 2019,1,,,,,
7.1,9.4,,8.2,,7.7,4.4,S2913,8.1,400000,McLaren 765LT 2021,1,,,,,
6.7,7.3,,6.4,,7.3,4.9,S1860,8.1,285000,McLaren Artura 2023,1,,,,,
6.3,5.4,,6.6,,5.8,4.5,S1817,8.8,15000000,McLaren F1 1993,1,,,,,
6.2,7.0,,8.2,,5.8,4.3,S1866,8.4,15000000,McLaren F1 GT 1997,1,,,,,
6.6,5.3,,6.5,,4.3,4.6,S1823,7.4,210000,McLaren GT 2020,1,,,,,
6.9,9.5,,8.4,,7.5,4.3,S2928,9.1,1350000,McLaren P1 2013,1,,,,,
6.9,8.6,,7.2,,4.1,4.7,S1887,8.1,4000000,McLaren Sabre 2021,1,,,,,
7.2,10,,9.3,,7.8,4.2,S2934,8.0,1000000,McLaren Senna 2018,1,,,,,
6.8,7.4,,7.4,,7.4,3.7,S2910,9.6,2250000,McLaren Speedtail 2019,1,,,,,
5.2,5.6,,5.9,,5.5,4.6,A755,7.0,90000,Mercedes-AMG C 63 S Coup√© 2016,1,,,,,
8.7,4.8,,6.0,,9.7,5.1,A778,7.6,135000,Mercedes-AMG E 63 S 2018,1,,,,,
8.4,4.5,,5.8,,9.4,5.2,A768,8.0,175000,Mercedes-AMG GT 4-Door Coup√© 2018,1,,,,,
6.5,8.7,,7.4,,6.2,4.8,S1884,7.4,325000,Mercedes-AMG GT Black Series 2021,1,,,,,
6.4,7.2,,7.0,,7.0,4.5,S1837,7.5,295000,Mercedes-AMG GT R 2017,1,,,,,
6.2,7.0,,6.7,,6.6,4.8,A797,7.0,250000,Mercedes-AMG GT S 2015,1,,,,,
5.6,8.7,,8.1,,4.8,4.6,S1890,6.7,305000,Mercedes-AMG GT3 2018,1,,,,,
7.5,10,,8.9,,3.2,4.7,S2927,7.7,2700000,Mercedes-AMG Mercedes-AMG ONE 2021,1,,,,,
8.7,4.8,,5.5,,9.8,5.3,A789,7.4,250000,Mercedes-AMG SL 63 2021,1,,,,,
5.4,5.0,,5.6,,5.8,5.0,A702,5.1,500000,Mercedes-Benz #24 Tankpool24 Racing Truck 2015,1,,,,,
8.8,5.3,,3.2,,10,9.8,A800,6.1,750000,Mercedes-Benz #24 Tankpool24 Racing Truck Forza Edition 2015,1,,,,,
4.0,2.9,,4.9,,3.6,4.4,C579,6.2,150000,Mercedes-Benz 190E 2.5-16 Evolution II 1990,1,,,,,
2.9,2.8,,4.0,,4.0,6.0,D478,4.7,250000,Mercedes-Benz 280 SL 1967,1,,,,,
3.6,2.4,,4.2,,2.3,5.6,D498,5.1,1200000,Mercedes-Benz 300 SL Coup√© 1954,1,,,,,
5.0,3.1,,4.5,,3.9,4.9,A714,6.9,143000000,Mercedes-Benz 300 SLR 1955,1,,,,,
4.4,3.4,,4.8,,3.4,5.5,B616,6.2,250000,Mercedes-Benz 500 E 1992,1,,,,,
6.6,4.4,,6.2,,4.5,5.1,A707,6.7,65000,Mercedes-Benz A 45 AMG 2013,1,,,,,
6.1,6.5,,7.6,,5.1,4.2,S1829,7.5,2000000,Mercedes-Benz AMG CLK GTR 1998,1,,,,,
8.2,10,,10,,9.0,3.7,S2998,7.8,2250000,Mercedes-Benz AMG CLK GTR Forza Edition 1998,1,,,,,
4.2,3.8,,5.5,,3.0,4.7,B681,7.2,165000,Mercedes-Benz AMG Hammer Coupe 1987,1,,,,,
4.3,3.6,,4.9,,3.1,5.4,B675,7.0,200000,Mercedes-Benz AMG Hammer Wagon 1987,1,,,,,
5.1,4.9,,6.1,,5.3,4.6,A768,7.6,150000,Mercedes-Benz C 63 AMG Coup√© Black Series 2012,1,,,,,
5.2,4.4,,5.0,,4.4,5.3,B698,7.3,250000,Mercedes-Benz E 55 AMG Wagon 2006,1,,,,,
7.0,4.5,,6.0,,7.8,5.2,A751,7.7,105000,Mercedes-Benz E 63 AMG 2013,1,,,,,
4.0,4.1,,3.6,,6.6,9.3,B606,5.6,525000,Mercedes-Benz G 63 AMG 6x6 2014,1,,,,,
6.6,3.2,,3.2,,8.0,8.0,B639,5.9,350000,Mercedes-Benz G 65 AMG 2013,1,,,,,
5.3,5.2,,5.6,,4.8,4.9,A800,7.9,300000,Mercedes-Benz SL 65 AMG Black Series 2009,1,,,,,
5.4,4.5,,5.9,,5.7,4.8,A740,7.3,78000,Mercedes-Benz SLK 55 AMG 2012,1,,,,,
5.8,6.4,,6.5,,6.2,4.4,S1804,7.6,200000,Mercedes-Benz SLS AMG 2011,1,,,,,
3.0,1.9,,3.6,,1.8,5.5,D256,4.1,7500000,Mercedes-Benz SSK 1929,1,,,,,
1.3,2.7,,3.3,,3.0,8.7,D103,2.8,100000,Mercedes-Benz Unimog U5023 2014,1,,,,,
4.1,2.8,,3.8,,3.3,4.2,B672,7.9,20000000,Mercedes-Benz W154 1939,1,,,,,
2.4,2.8,,3.2,,4.2,7.8,D368,4.2,65000,Mercedes-Benz X-Class 2018,1,,,,,
3.1,2.2,,3.6,,2.8,4.9,D491,5.8,35000,Mercury Cyclone Spoiler 1970,1,,,,,
2.9,2.6,,4.3,,5.3,5.9,D291,3.1,35000,Meyers Manx 1971,1,,,,,
6.0,3.6,,4.3,,6.6,6.3,B649,4.5,250000,Meyers Manx 2.0 EV 2023,1,,,,,
8.2,7.7,,6.8,,9.3,3.8,A800,5.2,500000,Meyers Manx Forza Edition 1971,1,,,,,
4.8,7.9,,7.6,,2.0,4.7,A800,5.4,250000,MG #20 MG6 XPower 2020,1,,,,,
5.6,4.1,,5.4,,6.0,5.3,A767,6.0,90000,MG Cyberster 2023,1,,,,,
8.8,5.8,,5.9,,8.2,7.5,S1811,4.6,125000,MG Metro 6R4 1986,1,,,,,
2.8,3.4,,5.0,,2.2,5.4,D444,4.0,250000,MG MG3 2015,1,,,,,
4.5,4.8,,5.8,,4.6,5.0,A716,6.1,250000,MG MG6 XPower 2021,1,,,,,
4.2,3.7,,4.7,,4.2,5.5,B636,6.2,250000,MG MG7 2022,1,,,,,
4.7,4.5,,5.6,,4.2,5.1,B694,6.3,50000,MG XPower SV-R 2005,1,,,,,
2.6,2.0,,3.2,,2.7,4.1,D281,3.6,30000,MINI Cooper S 1965,1,,,,,
7.9,5.0,,6.9,,9.2,4.6,A800,5.6,500000,MINI Cooper S Forza Edition 1965,1,,,,,
4.1,3.8,,4.5,,4.1,5.1,C598,5.4,25000,MINI John Cooper Works 2009,1,,,,,
3.8,3.0,,5.0,,5.3,5.7,C537,5.1,38500,MINI John Cooper Works Countryman All4 2018,1,,,,,
4.2,3.7,,4.9,,4.3,4.6,B628,5.4,38000,MINI John Cooper Works GP 2012,1,,,,,
4.7,4.6,,5.4,,4.9,4.9,A719,5.9,42000,MINI John Cooper Works GP 2021,1,,,,,
5.2,4.1,,4.7,,8.4,8.1,B632,3.3,250000,MINI X-Raid All4 Racing Countryman 2014,1,,,,,
4.9,4.9,,3.7,,6.6,10,B632,4.5,250000,MINI X-Raid John Cooper Works Buggy 2018,1,,,,,
10,9.6,,8.5,,3.0,4.9,S2967,6.5,300000,Mitsubishi #1 Sierra Sierra Enterprises Lancer Evolution Time Attack 2005,1,,,,,
3.9,2.8,,4.8,,3.2,5.4,C543,5.9,25000,Mitsubishi Eclipse GSX 1995,1,,,,,
4.1,3.1,,4.2,,3.7,5.4,C585,5.6,250000,Mitsubishi FTO GP Version R 1998,1,,,,,
4.6,2.8,,4.7,,3.1,5.4,C540,5.4,250000,Mitsubishi Galant VR-4 1992,1,,,,,
4.5,3.4,,5.1,,3.6,5.5,B610,6.1,20000,Mitsubishi GTO 1997,1,,,,,
5.9,3.5,,4.9,,4.9,5.9,B632,5.7,250000,Mitsubishi Lancer Evolution III GSR 1995,1,,,,,
5.6,3.7,,5.3,,3.8,5.5,B659,5.6,28000,Mitsubishi Lancer Evolution VI GSR 1999,1,,,,,
5.7,3.6,,5.4,,3.1,5.7,B664,6.2,31000,Mitsubishi Lancer Evolution VIII MR 2004,1,,,,,
4.7,3.6,,5.4,,2.4,5.6,B632,5.9,27000,Mitsubishi Lancer Evolution IX MR 2006,1,,,,,
5.1,3.7,,5.5,,2.9,5.7,B649,5.7,43000,Mitsubishi Lancer Evolution X GSR 2008,1,,,,,
9.2,4.1,,5.8,,4.6,8.1,A800,7.1,43000,Mitsubishi Lancer Evolution X GSR 2008,1,,,,,
3.6,2.5,,2.6,,3.3,8.0,D457,4.6,60000,Mitsubishi Montero Evolution 1997,1,,,,,
4.2,2.9,,5.0,,3.5,5.3,C549,5.2,20000,Mitsubishi Starion ESI-R 1998,1,,,,,
3.3,2.9,,3.2,,3.2,4.2,D488,4.0,50000,Morgan 3 Wheeler 2014,1,,,,,
5.9,5.3,,7.0,,6.3,4.8,A784,6.6,150000,Morgan Aero GT 2018,1,,,,,
1.5,2.0,,3.5,,2.0,5.0,D100,2.4,250000,Morris Mini-Traveller 1965,1,,,,,
1.6,1.9,,4.0,,2.1,5.6,D100,2.7,20000,Morris Minor 1000 1958,1,,,,,
5.9,6.4,,6.4,,6.3,2.9,A800,4.9,500000,Morris Minor 1000 Forza Edition 1958,1,,,,,
1.2,2.0,,3.8,,2.0,6.4,D100,2.2,250000,Morris Minor Series II Traveler 1953,1,,,,,
6.0,9.9,,9.8,,5.1,4.3,S2910,6.8,500000,Mosler MT900 GT3 2006HW Academy:,1,,,,,
7.4,8.4,,9.8,,8.1,4.7,S2919,8.2,320000,Mosler MT900S 2010,1,,,,,
3.7,3.1,,4.1,,3.6,4.4,B603,6.5,1500000,Napier Napier-Railton 1933,1,,,,,
5.8,10,,10,,6.3,4.9,S2998,7.0,1500000,NIO EP9 2016,1,,,,,
3.3,2.5,,4.6,,2.5,5.3,D445,5.1,25000,Nissan 240SX SE 1993,1,,,,,
4.8,3.9,,5.7,,4.6,4.8,B688,6.6,40000,Nissan 370Z 2010,1,,,,,
5.3,4.5,,6.3,,4.8,4.9,A718,6.6,50000,Nissan 370Z NISMO 2019,1,,,,,
2.1,3.2,,4.3,,1.5,6.1,D257,3.0,19000,Nissan Be-1 1987,1,,,,,
5.8,5.7,,6.5,,5.6,4.7,A792,6.6,250000,Nissan Donut Media 350Z 'Hi Car' 2004,1,,,,,
5.6,4.8,,6.1,,3.7,5.3,A733,6.1,250000,Nissan Donut Media 350Z 'Low Car' 2004,1,,,,,
4.6,3.5,,5.5,,4.0,4.8,B650,6.5,35000,Nissan Fairlady Z 2003,1,,,,,
5.4,6.4,,3.0,,5.5,8.3,A800,5.0,500000,Nissan Fairlady Z Forza Edition 2003,1,,,,,
3.6,2.7,,4.7,,2.4,5.2,D482,4.4,170000,Nissan Fairlady Z 432 1969,1,,,,,
4.3,3.2,,5.2,,2.7,4.9,B607,6.0,20000,Nissan Fairlady Z Version S Twin Turbo 1994,1,,,,,
2.6,2.9,,4.1,,1.0,6.0,D324,3.4,20000,Nissan Figaro 1991,1,,,,,
8.7,5.3,,6.7,,7.8,4.8,S1814,7.5,132000,Nissan GT-R 2017,1,,,,,
8.5,5.3,,6.7,,8.1,5.0,S1810,7.6,105000,Nissan GT-R Black Edition 2012,1,,,,,
9.2,7.0,,7.5,,7.4,4.6,S1846,7.5,250000,Nissan GT-R NISMO 2020,1,,,,,
4.5,4.0,,6.6,,3.0,4.0,B658,5.9,1100000,Nissan NISMO GT-R LM 1995,1,,,,,
1.9,3.1,,4.7,,1.2,6.6,D228,3.0,20000,Nissan Pao 1989,1,,,,,
5.5,2.9,,4.8,,3.4,5.1,C594,5.4,20000,Nissan Pulsar GTI-R 1990,1,,,,,
3.1,4.8,,5.5,,4.5,9.9,C577,4.4,500000,Nissan Pickup #23 Rally Raid 2004,1,,,,,
6.3,7.1,,7.8,,2.5,3.5,S1859,7.1,1250000,Nissan R390 1998,1,,,,,
2.0,2.8,,4.1,,1.2,6.0,D222,3.1,20000,Nissan S-Cargo 1989,1,,,,,
2.0,2.2,,3.2,,3.2,8.1,D230,3.3,250000,Nissan Safari Turbo 1985,1,,,,,
4.3,3.9,,5.3,,4.4,5.1,C591,4.9,250000,Nissan Sentra NISMO 2018,1,,,,,
3.8,2.7,,4.7,,3.5,4.8,C537,5.5,25000,Nissan Silvia CLUB K's 1992,1,,,,,
4.4,3.4,,4.9,,2.7,5.5,B617,5.8,25000,Nissan Silvia K's 1994,1,,,,,
4.4,3.4,,5.2,,2.5,5.3,B609,5.7,25000,Nissan Silvia K's AERO 1998,1,,,,,
4.6,3.7,,5.4,,2.6,5.4,B632,5.9,35000,Nissan Silvia Spec-R 2000,1,,,,,
3.6,2.6,,4.4,,2.5,5.0,D493,4.7,60000,Nissan Skyline 2000GT-R 1971,1,,,,,
4.5,3.6,,5.7,,2.7,5.3,B626,5.8,85000,Nissan Skyline GT-R V-Spec 1993,1,,,,,
4.8,3.7,,5.7,,2.5,5.4,B635,6.1,37000,Nissan Skyline GT-R V-Spec 1997,1,,,,,
4.9,3.6,,5.6,,2.6,5.4,B657,6.1,63000,Nissan Skyline GT-R V-Spec II 2002,1,,,,,
4.0,2.7,,4.7,,2.5,4.9,C543,5.7,100000,Nissan Skyline GTS-R 1987,1,,,,,
3.4,3.0,,4.2,,2.2,6.0,C518,4.7,170000,Nissan Skyline H/T 2000GT-R 1973,1,,,,,
3.5,3.1,,5.0,,1.7,6.3,C547,5.4,40000,Nissan Stagea RS Four V 1997,1,,,,,
3.2,3.2,,3.6,,3.6,8.9,D486,4.7,50000,Nissan TITAN Warrior Concept 2016,1,,,,,
3.5,2.5,,3.6,,3.2,5.8,D444,4.4,250000,Nissan Tsuru 2010,1,,,,,
5.0,4.5,,6.0,,5.2,5.1,A736,7.0,250000,Nissan Z 2023,1,,,,,
5.3,4.8,,5.6,,5.6,5.2,A765,6.6,250000,Nissan Z NISMO 2024,1,,,,,
6.4,6.6,,7.8,,5.3,4.5,S1829,6.9,100000,Noble M400 2006,1,,,,,
7.4,6.4,,8.0,,7.8,4.6,S1877,8.5,450000,Noble M600 2010,1,,,,,
2.7,2.0,,3.7,,1.8,5.8,D403,5.5,35000,Oldsmobile Toronado 1966,1,,,,,
4.6,3.7,,4.6,,4.8,6.8,B691,5.8,100000,Opel Manta 400 1984,1,,,,,
7.0,10,,9.1,,7.6,4.2,S2929,8.4,2700000,Pagani Huayra BC Coupe 2016,1,,,,,
8.0,10,,9.4,,8.8,4.4,S2998,8.1,2700000,Pagani Huayra BC Forza Edition 2016,1,,,,,
6.9,8.8,,7.1,,5.9,5.2,S1900,8.6,1400000,Pagani Huayra Coupe 2011,1,,,,,
7.7,10,,9.5,,7.0,4.8,S2985,8.2,3100000,Pagani Huayra R 2022,1,,,,,
6.5,8.9,,8.0,,6.9,4.5,S1896,7.4,2100000,Pagani Zonda Cinque Roadster 2010,1,,,,,
6.5,8.9,,8.0,,6.9,4.4,S1900,7.4,2100000,Pagani Zonda Cinque Roadster 'Oreo Edition' 2009,1,,,,,
7.3,10,,9.3,,7.9,4.6,S2959,8.0,1800000,Pagani Zonda R 2009,1,,,,,
1.0,3.9,,3.0,,2.3,4.5,D100,1.2,250000,Peel P50 1962,1,,,,,
1.0,2.6,,3.0,,2.5,5.5,D100,1.3,25000,Peel Trident 1965,1,,,,,
5.7,4.3,,3.7,,4.8,10,B655,4.1,100000,Penhall The Cholla 2011,1,,,,,
2.9,2.5,,4.4,,3.8,4.9,D462,4.3,20000,Peugeot 205 Rallye 1991,1,,,,,
4.4,3.6,,5.0,,1.6,7.2,B616,5.0,200000,Peugeot 205 Turbo 16 1984,1,,,,,
5.9,5.7,,6.2,,5.2,8.0,A755,5.3,150000,Peugeot 207 Super 2000 2007,1,,,,,
3.8,2.9,,4.3,,3.4,6.3,C550,5.2,250000,Plymouth Barracuda Formula-S 1968,1,,,,,
3.6,2.3,,3.5,,3.5,5.9,C529,5.8,250000,Plymouth Belvedere 1964,1,,,,,
3.4,2.4,,3.7,,3.3,5.3,C547,5.6,160000,Plymouth Cuda 426 HEMI 1971,1,,,,,
3.2,2.1,,3.6,,2.8,5.8,D477,5.2,250000,Plymouth Fury 1958,1,,,,,
3.4,5.1,,4.1,,3.5,10,C516,3.3,75000,Polaris RZR Pro XP Factory Racing Limited Edition 2021,1,,,,,
4.0,4.8,,3.6,,4.2,8.9,C593,3.2,250000,Polaris RZR Pro XP Ultimate 2021,1,,,,,
3.8,4.4,,3.5,,3.8,9.0,C501,3.4,25000,Polaris RZR XP 1000 EPS 2015,1,,,,,
3.3,2.5,,3.5,,3.2,5.1,C533,5.1,250000,Pontiac Firebird 1968,1,,,,,
3.1,2.1,,3.9,,2.0,5.7,D418,5.1,45000,Pontiac Firebird Trans Am 1977,1,,,,,
3.4,2.4,,3.8,,3.1,5.0,D485,5.5,25000,Pontiac Firebird Trans Am GTA 1987,1,,,,,
5.5,6.3,,7.1,,5.8,3.4,S1900,6.9,500000,Pontiac Firebird Trans Am GTA Forza Edition 1987,1,,,,,
3.4,2.4,,3.5,,3.3,4.7,C551,5.5,250000,Pontiac Firebird Trans Am SD-455 1973,1,,,,,
3.1,2.0,,3.2,,2.9,5.4,D484,4.7,48000,Pontiac GTO 1965,1,,,,,
3.4,2.4,,3.5,,3.3,5.3,C545,4.9,250000,Pontiac GTO Judge 1969,1,,,,,
7.2,4.9,,5.9,,7.1,4.0,S1856,8.2,15000000,Porsche #3 917 LH 1970,1,,,,,
7.3,4.7,,6.3,,7.5,3.7,S1849,8.3,15000000,Porsche #23 917/20 1971,1,,,,,
1.9,2.2,,3.6,,2.8,5.4,D243,3.5,1000000,Porsche #46 356 SL Gm√ºnd Coupe 1951,1,,,,,
5.7,4.1,,5.0,,4.8,8.5,B694,4.8,500000,Porsche #65 Rothsport Racing 911 1989,1,,,,,
8.3,9.6,,8.8,,9.1,4.8,S2932,7.7,1000000,Porsche #70 Porsche Motorsport 935 2019,1,,,,,
6.8,8.8,,8.2,,6.5,4.4,S2910,6.6,650000,Porsche #92 GT Team 911 RSR 2017,1,,,,,
7.5,4.3,,5.4,,6.1,7.6,A742,6.1,1500000,Porsche #185 959 Prodrive Rally Raid 1986,1,,,,,
1.8,1.8,,3.7,,2.1,5.4,D241,3.8,240000,Porsche 356 A 1600 Super 1959,1,,,,,
5.4,3.6,,4.4,,5.0,4.6,B651,5.3,400000,Porsche 356 C Cabriolet Emory Special 1960,1,,,,,
4.3,2.6,,4.1,,3.2,5.1,C514,5.1,600000,Porsche 550 Spyder 1955,1,,,,,
6.8,6.4,,7.4,,7.3,5.1,S1850,7.7,150000,Porsche 718 Cayman GT4 RS 2022,1,,,,,
6.4,5.6,,6.6,,7.0,4.9,A785,6.8,90000,Porsche 718 Cayman GTS 2018,1,,,,,
5.4,3.9,,4.5,,4.3,5.3,A732,6.1,2000000,Porsche 906 Carrera 6 1966,1,,,,,
4.7,6.2,,7.0,,4.0,5.0,S1804,6.6,575000,Porsche 911 Carrera 2 by Gunther Werks 1995,1,,,,,
5.1,3.1,,4.9,,3.7,5.0,B601,5.2,350000,Porsche 911 Carrera RS 1973,1,,,,,
6.4,7.9,,7.4,,6.9,4.5,S1819,7.4,105000,Porsche 911 Carrera S 2019,1,,,,,
6.0,8.7,,7.9,,6.3,3.9,S1840,7.2,2500000,Porsche 911 GT1 Strassenversion 1997,1,,,,,
6.7,5.3,,6.3,,5.7,4.5,A753,6.5,550000,Porsche 911 GT2 1995,1,,,,,
8.0,7.7,,7.6,,6.3,4.6,S1860,7.7,240000,Porsche 911 GT2 RS 2012,1,,,,,
7.5,8.3,,7.8,,8.3,4.8,S1888,8.0,315000,Porsche 911 GT2 RS 2018,1,,,,,
6.4,5.3,,6.1,,5.7,5.4,A778,7.1,65000,Porsche 911 GT3 2004,1,,,,,
7.5,8.2,,8.4,,6.1,4.7,S1858,7.4,250000,Porsche 911 GT3 2021,1,,,,,
5.8,8.8,,8.3,,4.9,4.7,S1890,6.6,500000,Porsche 911 GT3 R 2018,1,,,,,
6.1,8.4,,7.9,,4.9,4.6,S1890,6.8,250000,Porsche 911 GT3 R 2023,1,,,,,
7.4,8.0,,8.3,,7.8,4.5,S1864,7.8,235000,Porsche 911 GT3 RS 2016,1,,,,,
7.4,8.2,,7.6,,7.6,5.1,S1860,7.2,255000,Porsche 911 GT3 RS 2019,1,,,,,
7.2,10,,8.0,,5.4,5.3,S1867,7.0,250000,Porsche 911 GT3 RS 2023,1,,,,,
7.6,7.4,,8.0,,7.1,4.3,S1825,7.3,250000,Porsche 911 GT3 RS 4.0 2012,1,,,,,
10,7.8,,7.0,,10,8.1,S1900,7.0,255000,Porsche 911 GT3 RS Forza Edition 2019,1,,,,,
7.9,4.8,,5.8,,6.8,8.3,A800,7.0,250000,Porsche 911 Rallye 2023,1,,,,,
7.7,6.3,,6.8,,8.5,4.1,S1830,7.5,1800000,Porsche 911 Reimagined by Singer - DLS 1990,1,,,,,
6.6,7.4,,7.0,,6.4,5.4,S1813,7.5,275000,Porsche 911 Speedster 2019,1,,,,,
6.2,6.2,,6.3,,5.9,5.2,A756,7.0,205000,Porsche 911 Sport Classic 2010,1,,,,,
4.8,4.1,,4.7,,2.0,5.6,B666,5.6,150000,Porsche 911 Turbo 3.3 1982,1,,,,,
8.3,6.7,,6.6,,9.3,4.6,S1808,7.9,150000,Porsche 911 Turbo S 2014,1,,,,,
9.3,7.3,,6.4,,10,5.5,S1857,7.8,250000,Porsche 911 Turbo S 2023,1,,,,,
3.4,2.5,,4.2,,2.8,5.2,D427,4.4,24000,Porsche 914/6 1970,1,,,,,
10,9.3,,8.9,,10,4.6,S2920,8.8,850000,Porsche 918 Spyder 2014,1,,,,,
4.9,4.1,,5.3,,2.6,5.3,B651,5.8,35000,Porsche 944 Turbo 1989,1,,,,,
5.3,4.1,,5.2,,4.5,4.8,A701,6.2,140000,Porsche 968 Turbo S 1993,1,,,,,
8.2,4.9,,6.2,,4.7,4.7,A764,7.3,2000000,Porsche 959 1987,1,,,,,
6.6,7.5,,7.1,,7.2,4.5,S1845,7.6,1000000,Porsche Carrera GT 2003,1,,,,,
7.4,6.0,,4.8,,9.8,6.3,A744,6.7,220000,Porsche Cayenne Turbo 2018,1,,,,,
6.8,7.6,,7.3,,6.6,4.9,S1819,7.0,85000,Porsche Cayman GT4 2016,1,,,,,
6.1,5.2,,6.4,,6.2,4.6,A767,6.6,80000,Porsche Cayman GTS 2015,1,,,,,
4.7,4.7,,3.9,,4.6,10,B637,5.1,250000,Porsche Macan LPR Rally Raid 2018,1,,,,,
5.8,4.0,,4.9,,9.4,6.3,B695,6.2,135000,Porsche Macan Turbo 2019,1,,,,,
6.1,9.3,,8.3,,6.7,5.2,S2925,6.3,10000000,Porsche Mission R 2021,1,,,,,
7.1,6.1,,6.3,,8.2,5.1,A767,7.6,150000,Porsche Panamera Turbo 2017,1,,,,,
8.5,6.0,,4.9,,9.6,6.4,A800,6.1,250000,2023,1,,,,,
8.5,6.0,,5.7,,9.6,4.4,S1807,6.1,185000,Porsche Taycan Turbo S 2020,1,,,,,
9.7,7.2,,7.8,,10,4.4,S1900,10,185000,Porsche Taycan Turbo S 2020,1,,,,,
7.1,9.0,,9.6,,5.8,4.0,S2928,7.0,330000,Radical RXC Turbo 2015,1,,,,,
5.3,8.9,,9.1,,5.7,4.6,S2983,8.5,1050000,RAESR Tachyon Speed 2019,1,,,,,
2.8,2.8,,3.3,,1.8,8.9,D467,5.2,47000,RAM 2500 Power Wagon 2017,1,,,,,
2.2,2.0,,2.9,,4.5,6.1,D100,2.6,35000,Reliant Supervan III 1972,1,,,,,
1.5,2.0,,3.5,,2.3,5.8,D100,2.2,20000,Renault 4L Export 1968,1,,,,,
4.6,2.9,,4.3,,3.4,6.0,C521,4.6,120000,Renault 5 Turbo 1980,1,,,,,
3.5,2.9,,4.4,,2.8,5.9,D435,4.0,65000,Renault 8 Gordini 1967,1,,,,,
4.3,3.6,,5.1,,3.8,5.0,C592,5.0,250000,Renault Clio R.S. 2010,1,,,,,
4.8,4.5,,5.9,,3.8,4.7,B686,5.6,250000,Renault Clio R.S. 16 Concept 2016,1,,,,,
4.4,3.6,,5.1,,4.5,4.9,C595,5.1,29000,Renault Clio R.S. 200 EDC 2013,1,,,,,
4.0,2.9,,4.3,,3.1,5.2,C511,4.7,30000,Renault Clio Williams 1993,1,,,,,
4.5,4.4,,6.0,,4.6,5.0,B670,5.7,37000,Renault Megane R.S. 2018,1,,,,,
4.8,4.8,,5.8,,2.9,5.1,B657,5.6,250000,Renault Megane RS 250 2010,1,,,,,
4.8,5.2,,6.0,,4.0,4.7,B678,5.4,28000,Renault M√©gane R26.R 2008,1,,,,,
9.9,9.3,,6.9,,10,4.4,S2963,9.1,2000000,Rimac Concept Two 2019,1,,,,,
9.2,8.6,,7.0,,10,4.7,S2968,9.0,3000000,Rimac Nevera 2021,1,,,,,
6.9,4.2,,3.0,,7.5,6.7,A726,4.2,250000,Rivian R1S 2022,1,,,,,
6.6,4.1,,2.9,,7.2,8.3,A718,4.4,250000,Rivian R1T 2022,1,,,,,
4.5,5.1,,3.7,,4.2,9.9,A776,5.9,500000,RJ Anderson #37 Polaris RZR-Rockstar Energy Pro 2 Truck 2016,1,,,,,
8.1,5.3,,2.9,,8.5,9.0,A776,5.4,500000,RJ Anderson #37 Polaris RZR Pro 4 Truck 2021Apex Predators: Win,1,,,,,
6.5,5.8,,6.8,,4.6,4.8,S1813,7.0,250000,Rossion Q1 2010,1,,,,,
7.2,6.3,,7.2,,5.9,4.7,S1821,6.5,200000,Saleen S1 2018,1,,,,,
7.1,6.7,,6.7,,7.0,5.2,S1855,7.9,388000,Saleen S7 2004,1,,,,,
7.2,7.5,,7.4,,6.5,5.0,S2918,8.9,1000000,Saleen S7 LM 2017,1,,,,,
6.2,4.3,,3.5,,5.7,9.3,B666,5.9,150000,Saleen Sportruck XR Black Label 2020,1,,,,,
4.9,7.2,,7.7,,2.8,5.1,S1869,8.2,2500000,962,1,,,,,
4.5,3.2,,4.1,,4.6,4.5,B694,5.9,2100000,Shelby Cobra 427 S/C 1965,1,,,,,
3.7,2.8,,3.9,,2.9,4.7,B637,6.7,30000000,Shelby Cobra Daytona Coup√© 1965,1,,,,,
3.8,2.9,,3.8,,2.9,5.5,C577,5.5,250000,Shelby GT 500 1967,1,,,,,
7.7,10,,9.2,,4.2,4.4,S2986,6.2,70000,SIERRA Cars #23 Yokohama Alpha 2020HW Academy:,1,,,,,
4.1,6.3,,5.6,,6.9,8.3,D414,2.7,250000,SIERRA Cars 700R 2021,1,,,,,
6.4,5.9,,5.1,,7.1,7.7,A737,4.3,45000,3,1,,,,,
6.9,9.4,,7.8,,7.5,4.8,S2915,9.0,800000,Spania GTA GTA Spano 2016,1,,,,,
2.3,1.9,,4.1,,2.1,6.5,D273,3.6,250000,SUBARU BRAT GL 1980,1,,,,,
4.2,3.1,,5.1,,3.6,5.3,C581,5.7,32000,SUBARU BRZ 2013,1,,,,,
5.1,4.2,,5.5,,4.7,5.4,B673,5.4,250000,SUBARU BRZ 2022,1,,,,,
5.0,3.6,,5.5,,3.2,5.3,B640,5.6,110000,SUBARU Impreza 22B-STi Version 1998,1,,,,,
6.0,3.6,,5.3,,3.6,5.6,B652,5.9,28000,SUBARU Impreza WRX STi 2004,1,,,,,
6.3,3.6,,5.3,,3.2,5.7,B669,6.2,51000,SUBARU Impreza WRX STi 2005,1,,,,,
5.4,3.7,,5.5,,3.8,5.6,B649,5.7,31000,SUBARU Impreza WRX STI 2008,1,,,,,
3.8,2.8,,4.7,,2.4,5.3,C514,5.3,250000,SUBARU Legacy RS 1990,1,,,,,
5.8,4.4,,5.9,,3.1,5.4,B689,6.0,70000,SUBARU STI S209 2019,1,,,,,
3.5,3.2,,5.0,,2.4,5.6,C574,5.8,250000,SUBARU SVX 1996,1,,,,,
5.6,3.8,,5.2,,6.0,6.0,B663,5.9,250000,SUBARU WRX 2022,1,,,,,
5.1,3.9,,5.7,,2.8,5.9,B668,6.0,33000,SUBARU WRX STI 2011,1,,,,,
5.5,3.9,,5.7,,3.1,5.6,B675,6.0,42000,SUBARU WRX STI 2015,1,,,,,
7.8,6.0,,6.0,,2.2,7.9,S1849,5.4,500000,SUBARU WRX STI ARX Supercar 2018HW Academy:,1,,,,,
5.9,4.7,,3.7,,6.0,10,B693,4.7,500000,Toyota #1 T100 Baja Truck 1993,1,,,,,
3.7,2.6,,4.3,,2.7,5.0,D487,5.1,750000,Toyota 2000GT 1969,1,,,,,
3.3,3.2,,3.7,,2.3,8.9,C531,5.1,250000,Toyota 4Runner TRD Pro 2019,1,,,,,
5.2,3.2,,5.2,,3.6,4.8,C579,5.5,28800,Toyota 86 2013,1,,,,,
4.4,3.6,,4.8,,4.2,5.3,B645,6.3,250000,Toyota Camry TRD 2023,1,,,,,
2.7,2.0,,3.8,,2.5,4.9,D315,4.0,20000,Toyota Celica GT 1974,1,,,,,
4.7,2.7,,4.5,,2.9,5.5,C544,5.8,25000,Toyota Celica GT-Four RC ST185 1992,1,,,,,
5.1,3.0,,4.9,,2.9,5.3,C590,6.1,20000,Toyota Celica GT-Four ST205 1994,1,,,,,
3.8,3.0,,4.8,,3.0,5.2,C557,5.5,250000,Toyota Celica Sport Specialty II 2003Midnight Battle 3,1,,,,,
4.0,3.1,,4.5,,1.8,5.6,C597,5.8,250000,Toyota Chaser GT Twin Turbo 1991,1,,,,,
2.4,2.3,,3.0,,3.4,7.5,D269,3.4,55000,Toyota FJ40 1979,1,,,,,
5.5,4.6,,6.1,,5.8,4.8,A731,6.2,55000,Toyota GR Supra 2020,1,,,,,
6.3,4.9,,5.1,,5.0,5.6,B672,5.2,250000,Toyota GR Yaris 2021,1,,,,,
5.1,4.3,,5.4,,4.8,5.3,B676,5.5,250000,Toyota GR86 2022,1,,,,,
2.7,2.9,,4.1,,2.6,9.4,D457,4.0,250000,Toyota Hilux Arctic Trucks AT38 2007,1,,,,,
2.5,2.7,,3.8,,2.2,9.5,D404,4.1,250000,37,1,,,,,
5.3,3.1,,5.1,,3.9,4.9,B632,6.2,250000,Toyota MR2 GT 1995,1,,,,,
3.8,2.8,,4.7,,3.3,5.4,C502,5.1,20000,Toyota MR2 SC 1989,1,,,,,
2.7,3.0,,4.1,,1.7,5.6,D447,4.3,10000,Toyota Sera 1991,1,,,,,
4.1,3.1,,4.6,,2.9,5.9,B601,6.2,250000,Toyota Soarer 2.5 GT-T 1997,1,,,,,
1.8,2.9,,4.8,,2.3,5.7,D246,3.1,250000,Toyota Sports 800 1965,1,,,,,
4.0,2.6,,4.3,,3.4,5.2,D480,4.5,20000,Toyota Sprinter Trueno GT Apex 1985,1,,,,,
4.1,3.0,,4.6,,2.7,5.5,C558,5.4,20000,Toyota Supra 2.0 GT 1992,1,,,,,
4.6,3.5,,5.4,,3.1,4.7,B646,6.4,38000,Toyota Supra RZ 1998,1,,,,,
5.9,5.8,,6.7,,4.3,4.1,A800,7.5,38000,Toyota Supra RZ 1998,1,,,,,
3.2,3.1,,3.6,,2.5,8.8,C518,4.9,50000,Toyota Tacoma TRD Pro 2019,1,,,,,
4.0,3.2,,3.6,,3.1,9.0,C562,5.4,60000,Toyota Tundra TRD Pro 2020,1,,,,,
5.4,6.6,,6.7,,5.7,3.4,S1861,8.7,500000,TVR Cerbera Speed 12 1998,1,,,,,
5.9,6.9,,7.7,,6.3,4.2,S1825,7.2,105000,TVR Griffith 2018,1,,,,,
5.3,5.0,,6.2,,5.5,4.3,A779,6.7,86000,TVR Sagaris 2005,1,,,,,
7.7,7.9,,9.5,,8.4,3.9,S2961,8.8,300000,Ultima Evolution Coupe 1020 2015,1,,,,,
2.7,3.3,,4.8,,2.1,5.8,D455,4.1,1000000,Universal Studios Back to the Future Time Machine 1 1981,1,,,,,
2.7,3.3,,4.8,,2.1,5.8,D453,4.0,1000000,Universal Studios Back to the Future Time Machine 2 1981,1,,,,,
2.7,2.5,,3.8,,2.1,5.9,D335,3.9,1000000,Universal Studios Back to the Future Time Machine 3 1981,1,,,,,
2.4,2.5,,2.9,,1.3,7.8,D344,3.5,1000000,Universal Studios Jeep Wrangler Sahara 'Jurassic Park' 1992,1,,,,,
4.8,3.8,,4.7,,5.0,5.4,A743,7.6,1000000,Universal Studios K.I.T.T. 1982,1,,,,,
3.3,3.6,,5.3,,4.2,4.7,C584,5.1,28000,Vauxhall Corsa VXR 2016,1,,,,,
4.1,3.2,,4.7,,2.4,4.7,B635,6.6,250000,Vauxhall Lotus Carlton 1990,1,,,,,
4.9,4.3,,5.6,,4.1,5.2,B696,7.1,25000,Vauxhall Monaro VXR 2005,1,,,,,
9.2,5.9,,5.6,,4.6,7.6,S1851,4.8,500000,34,1,,,,,
2.8,2.3,,3.4,,2.9,8.5,D371,3.8,25000,Volkswagen #1107 Desert Dingo Racing Stock Bug 1970,1,,,,,
1.7,1.9,,3.7,,2.9,5.7,D100,2.9,20000,Volkswagen Beetle 1963,1,,,,,
8.0,10,,8.8,,8.8,4.4,S1900,6.1,500000,Volkswagen Beetle Forza Edition 1963,1,,,,,
2.5,3.1,,4.6,,4.7,7.7,D349,3.5,60000,Volkswagen Class 5/1600 Baja Bug 1969,1,,,,,
3.6,2.8,,4.4,,3.3,5.3,C533,5.4,20000,Volkswagen Corrado VR6 1995,1,,,,,
1.6,2.0,,3.5,,3.0,6.2,D100,2.5,250000,Volkswagen Double Cab Pick-Up 1966,1,,,,,
3.5,2.4,,3.9,,3.3,5.0,D428,4.2,20000,Volkswagen Golf GTI 1983,1,,,,,
3.4,2.4,,4.4,,2.5,4.9,D429,4.6,20000,Volkswagen Golf Gti 16v Mk2 1992,1,,,,,
5.0,3.5,,5.3,,3.2,5.8,B645,5.8,64000,Volkswagen Golf R 2010,1,,,,,
5.8,3.8,,5.4,,6.3,5.9,B663,5.9,50000,Volkswagen Golf R 2014,1,,,,,
5.6,3.9,,5.5,,6.2,5.9,B668,5.9,65000,Volkswagen Golf R 2021,1,,,,,
5.6,4.3,,5.5,,6.0,6.0,B672,6.1,50000,Volkswagen Golf R 2022,1,,,,,
5.0,3.6,,5.3,,5.4,5.4,B618,5.6,20000,Volkswagen Golf R32 2003,1,,,,,
3.7,2.8,,4.2,,2.8,5.4,C510,5.1,25000,Volkswagen GTI VR6 Mk3 1998,1,,,,,
3.2,3.3,,4.8,,3.0,5.9,C527,3.5,250000,Volkswagen ID.4 2021,1,,,,,
1.6,2.5,,3.3,,2.4,6.6,D100,2.7,20000,Volkswagen Pickup LX 1982,1,,,,,
2.5,2.6,,3.9,,2.8,5.8,D340,3.7,20000,Volkswagen Santana 2012,1,,,,,
4.6,4.0,,5.5,,4.8,4.9,B663,5.8,45000,Volkswagen Scirocco R 2011,1,,,,,
2.5,2.1,,4.3,,2.8,4.9,D293,3.7,20000,Volkswagen Scirocco S 1981,1,,,,,
1.7,2.1,,3.8,,2.0,5.9,D252,3.7,250000,Volkswagen SP-2 1976,1,,,,,
1.7,2.4,,3.5,,2.5,6.2,D100,2.6,250000,Volkswagen Thing 1973,1,,,,,
1.5,2.0,,3.6,,3.0,5.7,D100,2.6,40000,Volkswagen Type 2 De Luxe 1963,1,,,,,
4.0,3.1,,4.0,,3.6,5.5,C548,5.0,45000,Volvo 242 Turbo Evolution 1983,1,,,,,
3.3,2.5,,3.9,,2.6,5.3,C511,5.8,25000,Volvo 850 R 1997,1,,,,,
4.3,3.5,,4.8,,3.3,5.4,B626,5.9,250000,Volvo C30 Polestar 2013,1,,,,,
5.5,3.9,,5.9,,3.6,5.1,B662,6.1,62000,Volvo V60 Polestar 2015,1,,,,,
8.5,7.8,,8.6,,9.2,3.7,S1886,6.8,100000,VUHL 05RR 2017,1,,,,,
6.7,7.4,,6.3,,7.2,4.7,S1877,8.6,3000000,W Motors Lykan HyperSport 2016,1,,,,,
2.0,2.1,,3.7,,3.3,7.1,D198,2.6,40000,Willys MB Jeep 1945,1,,,,,
1.5,3.3,,4.9,,1.9,6.2,D136,2.1,25000,Wuling Hongguang Mini EV Macaron 2022,1,,,,,
1.5,2.6,,4.5,,1.9,6.2,D207,3.1,250000,Wuling Sunshine S 2013,1,,,,,
5.5,3.7,,5.1,,5.9,4.8,A722,4.1,60000,Xpeng P7 2020,1,,,,,
6.1,7.2,,6.8,,6.6,4.1,S1883,8.7,1000000,Zenvo ST1 2016,1,,,,,
6.7,9.6,,8.7,,7.2,4.0,S2927,9.0,1200000,Zenvo TSR-S 2019,1,,,,,
?,?,,?,,?,?,D451,?,1300000,Alejandra's Flatbed Truck 2020Unobtainable,2,,,,,
?,?,,?,,?,?,B632,?,1300000,Alejandra's Flatbed Truck 2020Unobtainable,2,,,,,
?,?,,?,,?,?,B632,?,1300000,Alejandra's Flatbed Truck 2020Unobtainable,2,,,,,
?,?,,?,,?,?,?,?,1300000,Alejandra's Flatbed Truck 2020Unobtainable,2,,,,,
7.8,4.5,,3.9,,8.0,7.6,B693,3.4,600000,Hot Wheels Monster Trucks Bone Shaker 2020Unobtainable,2,,,,,
10,8.5,,7.2,,10,5.0,S1881,6.0,1300000,Playground Carnival Float 2020Unobtainable,2,,,,,
,,,,,,,,,,,3,By game,,,,
,,,,,,,,,,,3,By DLC,,,,
,,,,,,,,,,,3,Other,,,,
